,0,1,2,3,4,5,6,7
0,0.9682439720280055,1.1622970722101902,1.0063898236362856,0.8837518596927113,0.6652132741107607,0.5995986670451338,1.3441856662448752,1.0524690835871688
1,0.8130892398068572,1.2455351483484682,1.2467313010736216,0.8935105113494382,0.7839387744538591,0.3653614278488377,0.6672022390719535,0.3544397727040045
2,0.35831531076779227,1.2820685887686587,-0.4126603741900953,0.2454652127089649,1.5681056787771541,0.3547162198735045,-0.057315418488106444,0.9356542562857024
3,1.8214587860416684,0.019887962868360438,0.3895503998858423,0.7380301702615568,0.6066181058024818,0.5728608206427254,1.2437273453137623,0.4845327801653555
4,0.35718468146028143,0.9655321037310544,0.6861878505915961,1.2069793847639996,0.6192705034531777,0.7286437816674418,0.5737144614092876,1.1330408828450036
5,1.3082849905133613,1.012997534689899,0.8745985919562682,0.8174895079265124,0.8056276717793891,0.7875122316519986,0.6194895781190859,0.5618143838254647
6,1.034473065387295,1.2061705425871703,0.9545015358777147,0.23213886808855058,0.89941611546721,0.06776503240072937,0.8248941382924201,0.5434454428853651
7,0.8395033994111974,1.0466659233281979,1.1168803384937656,0.5770242967984169,1.1972024307442333,0.5542797076494418,0.35719079462854225,0.6604343812874164
8,0.6776208644749915,0.48438837437819826,0.7607567955952866,1.2994699988432843,0.893720006247103,1.1180256307933845,0.29456991710312186,0.5359006316254601
9,0.5589668311128714,0.47213998561463344,1.3879735854178397,1.3379130430976447,0.16473483242796444,0.385465352847558,1.3007270480642905,0.13743259485491657
10,0.8620088249671295,1.1817430898595367,0.39643778070920455,1.0781591867799318,0.8713439227607465,1.2482495080147693,0.45667318930733614,0.7488061441351093
11,1.0941449663714384,0.4743461996960336,1.2840720441634959,1.2091623404686096,0.6096500932377088,1.1784602105803537,1.2408175142269595,0.9820754641611746
12,1.130938022676035,0.7008261368581726,0.6315370680948791,0.36838877449680135,1.2074638057200835,0.9761185166984007,0.7756353832128963,0.8660014069147552
13,0.9522977758190778,1.0199847108866893,1.007991401027436,1.0896020371558854,0.6099711664768888,0.5004707178694935,0.6578526897232068,0.3554523752044555
14,0.8358023163035222,0.2520344518264501,0.7166234287469718,0.22726674662159663,0.7970838990037041,0.3820789879982643,1.4179645399415677,1.1296217177887937
15,0.5909054879146486,0.6946537082395535,0.9984607272756197,0.7798713910519643,0.7768272446565475,0.8929802604572427,0.6286905587793084,0.4853247436970959
16,0.8371480968227129,1.055908235264987,0.7976974859927319,0.9290240843705331,0.6373543233937384,0.8428574326045387,0.5299288624972037,1.0223015501789277
17,0.6615333220510539,0.6159652595614313,0.8516971978750898,0.9651434123403292,0.989950739498306,0.7240665513725526,0.7329467846425695,0.8941848674240582
18,0.7442688117085603,0.9188904749614744,0.5337150451658873,0.51773677101555,0.5011270771138945,0.6237307564311653,0.16509050253031168,1.105124559800749
19,1.1105618411263452,0.8635754756450691,0.18407118940305023,1.1160753704185098,1.0787783136834672,0.6944077173609439,0.7830549208829789,0.7932811379913441
20,0.6674703734491909,1.1491132254493248,0.5333938502632106,1.483179626692388,0.28054578315029494,0.5300905454327997,0.9488969719090646,0.31551421695759163
21,0.8078175015265273,0.361703686918264,0.1242938448228665,0.32644210737276064,1.1508473252759386,0.14932448328153908,0.15796397063140719,1.0732530702561427
22,0.5779496067188612,0.7563362548777919,0.6631263971203518,0.6879947248626687,0.932805387906937,1.134991998274845,0.5349092603991054,0.4868506348937391
23,1.137941873865889,0.65667541191066,0.8562502442002571,0.5934467167264884,0.8387002144171367,0.5147561528893436,0.8372438308316025,0.6918466254834876
24,1.1345287755629465,0.7790511965640263,1.0166755926995907,0.8769212791598305,0.8011307192432815,0.8903328029514113,1.0001474950889513,1.0503176040133004
25,0.24929952142216713,0.9511210526038486,0.8002332518180867,0.8810204399039399,0.4295530388644921,0.7572225474970375,0.7012865800199736,1.129987407225923
26,1.1427439069049135,0.7888621632831292,0.513910343561326,0.5530589086050322,1.0116291740017727,0.40154734961281124,1.2039842755094448,0.6515148463582929
27,0.2605188050663084,0.6125188353581913,0.8246506967264472,0.79766513152513,0.7727546291532303,0.7411401923631701,0.36240193382515196,0.8656136985271522
28,0.79000790171445,1.128145788774174,0.8329702291726826,0.538971368583685,0.7322300507799953,0.7883646411003653,1.0053450376697204,0.9049690329702162
29,0.7748718879084056,0.6427544071175079,0.7255306470555258,1.0148142424228415,0.879602125935671,1.0844558128628452,1.347394413846713,1.147597730743259
30,0.7441657693165825,1.4590415849500127,0.6072193881081736,1.3098093616408892,1.2067089198063583,0.7011940069882477,0.4357562190291593,0.21703585523589874
31,0.4328229190262908,0.38411425599178356,1.1187339110311427,1.2189682038956722,0.5737944631006329,0.9334509061747507,0.6082933458165865,1.4576263864619996
32,0.8720339428281492,0.8707352853332613,0.3943265807314953,0.729112638502822,1.4016062794628827,0.5688433299840948,1.2589029461386305,0.4067506051482115
33,0.57012670242937,0.3657482750138949,0.3890020748981589,0.3265898583885957,0.9103516198064688,0.9626424143254528,0.7894245930004011,1.7783331397879467
34,1.2838182501928663,0.9941612940634424,0.616899519083217,0.6876848355249701,0.8576130243804181,1.2960659037758058,0.5584372720108404,0.8780412556196944
35,0.4363275545759715,0.9174710756038802,-0.03202120174796182,0.5207616013406449,0.48210361606422697,0.9147197516206226,0.7910204948431222,0.680814908180886
36,0.9022726712212635,0.5263466464722119,1.0642059836156537,0.8585448071285092,0.548333592774985,1.3864939493651307,0.9319741093937772,0.8174965255938088
37,0.7728215686415986,0.16833207016661259,1.1190383605482945,1.1666096419385803,0.6603960366728323,0.7978046922929624,0.34397388046491756,0.7671720101244889
38,0.8278830559492518,0.14624909019553148,0.9555543432094932,0.6891399729697727,1.228765463586135,1.15558337772666,0.952572243480453,0.5619355076701869
39,0.8248789391100948,0.6347810521540433,1.1612246359456435,1.206390300046445,0.9452307034701545,0.6875813484204809,0.5631660226810908,1.0575914824781936
40,0.4589965899323535,0.219289782655673,0.6470996283927921,0.7557589835475359,0.8648030909239932,0.6759703941805063,0.9535313695095536,0.8095393691652674
41,1.0741887827670495,0.7989802910754052,0.6483664626538616,1.1712826587332619,0.6571331638327833,1.1373982266922409,0.7354346757060016,0.5471204704094467
42,0.915065515310268,1.1660578750340147,1.1153534699130339,1.2705306237360448,1.5617219889604208,0.6979942221964667,1.2105694517052756,0.5781677589712869
43,0.7962195834616669,0.6761529278194998,0.8355148172126786,0.9289259057925641,0.7950453324250999,1.0219488860090438,0.3666375685586936,1.1977965199649454
44,1.2445823961817557,0.6969612665358139,0.5986689324885003,0.8037387585462118,0.7140424703793116,0.9669572232081404,1.3222627292832374,0.715685085538757
45,1.30430277674177,0.7907880489909188,0.8334410797468376,1.075745999868662,0.9758887583353463,0.9427482684069924,0.8826589285030391,0.3690936480382531
46,0.7880038193887633,0.4367602243639603,0.5444258299427507,0.4913477124352417,0.8104125598789935,0.6528843384686034,0.6331139946001982,0.8673220226179397
47,0.574817637025811,1.2445666529133332,0.9214924853454117,0.9678469354953378,0.8114260046537628,0.5282021437659887,0.9469854905584804,1.1318464322215545
48,0.9306024919801398,0.6427597890546815,1.27406442246961,0.4084421035121131,1.0469222652266374,0.8520547135160972,0.5734615451128302,0.902501021752058
49,0.8037923392524855,0.47999456213599767,0.47427188317150165,0.3491115194984824,0.9400652122174437,0.4216784957498971,0.6226838004590557,0.7365052510853093
50,1.241375645618243,0.6483078749422616,1.145034571541867,0.396871499486302,0.9551140106384736,0.9643602932724301,0.6232052881954137,1.0714851101095133
51,1.013485454355498,1.210160542615076,0.5545296615015854,1.1166931647640632,0.9119110949382098,0.6823066453522493,1.0743827375243225,0.8714076513910372
52,1.2779389733830127,0.9574743134941377,0.6659656547169253,1.122777880825236,1.0253564778451119,1.3119153250377504,1.1922653618781878,1.2550080912750066
53,0.8403932924039244,0.7122005541735574,0.3892969221653967,1.1596352963266203,0.3303198366052755,0.584862715371541,0.9028388550650109,0.30185562040915825
54,1.0572546022094425,0.3505737750672394,0.5249595622849785,0.675849602951581,0.3185423119219889,0.30499125314949876,0.5298464978171191,1.155010631199415
55,0.7928206374689999,0.881794182313501,0.8817964561299652,1.0742268278639229,0.8853975688453634,0.697093413174224,0.8240702938061363,0.9899250130167689
56,0.790445870302767,0.9358233127614981,0.9883636221304076,0.4856828650921085,0.5627416452511942,0.833202135303016,0.4349992524595692,1.0775769562306996
57,0.7357973470249957,0.8379338789372751,1.229477414735627,1.2512730901660507,0.8179064158876345,0.7849773911949322,0.4577480559399661,1.0603812272757096
58,1.4458315214036783,1.0482422048998654,0.538348590254463,0.6478329327963743,0.6822026948584526,0.963863826585451,0.6114225570055833,1.134377885984183
59,0.5085668064128395,0.6887216149500821,0.9793374400735342,0.5488257738484033,1.1191903665561183,0.9010772343876863,0.3768051796702533,1.0047653539255943
60,1.3547897210865496,0.8181381220393096,0.542522433430772,0.8964035877413407,0.45305802777235743,1.0434660927674309,0.7248573739390934,0.6252805308159871
61,0.8721096855778818,0.9147408642817979,0.5625546030055433,1.1774774764779776,0.9873778614617063,0.9115330304204807,0.7694299479386935,0.8893825916697649
62,0.5191679513046457,0.8127051035361884,0.8225346276310042,0.3633424949677765,0.5938187843339491,1.113743355860214,0.9122886169467229,0.9086269340858214
63,0.6609702312144461,0.9068305092528177,0.8551892722049933,0.8090043413933163,0.7946720703436461,0.8426693537268607,0.9841283326358111,0.7346739979748078
64,0.9525181896648013,1.1420951702410578,0.9664348723289188,0.41932296421094317,0.23367310219095627,0.8976878876551785,0.8880030768452207,0.8238120178896121
65,0.5181536996029863,0.9488263129227393,1.0798155550080197,0.7478591068258252,0.9674828045185282,0.712265613625751,0.774823107454025,1.2801729851221286
66,0.8437914092621699,0.38663051297829376,0.49252464586114225,0.7124348000743617,1.2449269138260792,0.457914555030347,1.0800707845593585,1.0476654269939238
67,0.5290437793178231,0.8210319335122093,0.7448057322704886,0.9501382146804351,0.5563277497794834,0.6704970432670033,0.668832356279493,0.891904998429552
68,0.9943876221322192,0.6060699347048408,0.8830004101464519,1.256410204509422,0.6141217821175182,1.233398496095335,0.8516321846538,1.0465415838595102
69,0.5955737463864069,0.8744458057773514,0.9693362312639933,1.2591217812985906,1.0086270632230965,1.0310982849125867,0.3265147675006863,0.8053710072116622
70,0.8338146241972166,0.7248048754175512,0.40284400496878736,1.223315947598338,0.7464978532005686,0.6889084252522872,1.1561650189008088,0.6447226247451464
71,1.006683458350451,0.6617994545987016,0.9690869829697597,0.7853628898231472,0.724103912199473,1.251050257503068,0.5255448037881715,0.8909559722302475
72,0.5191605067231025,1.5485612014982284,0.5235827346683394,0.3672457256742988,1.1501053942797999,1.0859053033402237,0.6862148038563947,0.6853255007468827
73,0.9310320438050593,1.1290950425673723,0.6085029255484437,0.735336150934734,0.7590902014438488,1.0426859506731223,1.0069222661642303,0.7466920911631042
74,0.5752929162782967,1.2133221478571015,0.9088213827586232,0.3927181144877555,0.4409778623534036,0.8876381951703918,0.6119613214115602,0.3857925381434363
75,0.681874355034561,0.18881058297301018,0.8245310578445001,0.8219436952059482,0.5218425902100488,0.338679436561509,0.6088889028680762,1.0630126530648234
76,1.1213544324643223,0.4746712713013761,1.2921047748272003,0.9628569880371877,0.7227914628834036,0.515709087470819,0.8067717078509296,0.3594328038416093
77,0.4865824890176694,0.9595499514079209,1.0687846214585515,0.23257076525027476,0.7125860077081545,1.1490560848467788,0.41819301281315957,0.697669956079975
78,0.7763599156990021,0.8674463212653885,1.0477489886589577,1.225335051092938,0.59342993934257,0.8191082752490054,1.1534991199694662,0.4967732349460233
79,0.7690081117561344,1.1142341880604623,0.8590964008163988,1.2914255513672328,0.644237981774063,0.707921425638327,1.0181114264138917,0.9762499592835634
80,0.9700846188390949,0.47190938299959573,0.32906625592875965,0.2006986224318588,0.8694322335516284,1.2445277539304973,0.3099170231578206,0.29739950937552295
81,0.6228793352303742,1.1401547504681608,0.40747341215682803,0.8935925786377783,0.9001734855599522,0.680301122977361,0.8246748780060743,0.9464348672141745
82,0.7221471129622475,0.8191474538030022,0.5641884418489879,0.35818729258779897,0.8210524209041746,1.1467676062708358,0.4375399620412388,0.5731431936394724
83,0.7611865771450588,0.7709727098456477,0.8304854562461064,0.7752137311587245,0.7122460295495928,0.9270073288184792,0.8077773892518234,0.8168612619559388
84,1.2453858151782948,0.8671319140716338,0.6468576294708629,0.5769754008351955,0.8483832638365231,0.48674106787930366,1.2307965774836767,0.5192724697168287
85,0.8021356191265979,0.6093597897457077,0.8888687223200084,1.0601221841984296,0.8583734344201646,0.5822267364896415,0.8760228518178307,0.9638445522855343
86,1.1945665332897193,0.762540151512638,0.5935592509533928,1.1141072889635821,0.6394208874481809,0.9818850396023152,0.45561907833612897,1.144734595470598
87,1.419318378963266,0.4704656182701072,0.8498398904573331,0.9805267385626594,1.1519680027880808,0.45650438794554943,0.6899833908183179,0.8081670748953222
88,0.6468946381472906,1.585237466420938,0.9382696386624646,0.7586381263799796,-0.2540564943122078,1.329620097074554,0.04253008193045628,1.0857933323796676
89,0.8323787143250948,1.060419735202935,0.8734590307577293,0.38266614560726797,0.9576303169802524,1.2153973118439503,0.730909424592841,1.232952570204442
90,0.9771047904632618,0.5533894591874057,0.712460111462144,0.42666776714472326,0.9299978297024059,0.7666373101953703,0.7181029280671266,0.9466048186526864
91,1.202930680413927,0.8709692141564102,0.5692391719301483,0.982729113148037,0.8567501187412877,0.9495690495426826,0.7094374115582517,1.0377021391627779
92,1.2013276505765018,0.9957115676524818,0.6263698899459199,1.194909985197129,1.0712546093480617,1.0916431211887712,0.8108511095049863,0.8828702262819267
93,0.9443800992049555,1.0218535439596177,0.9533942802538546,0.3936141905500864,0.2850182819999955,0.5296790849262988,0.8336455105778415,0.7101869337808788
94,0.9052942090593423,0.5380145280317907,1.0048563424866979,1.2509045887780612,0.9195330260905066,0.6278129846892714,0.9951166682266253,0.8562430398330468
95,1.0577878044938724,0.8497330881575181,0.8357671494434515,0.5045266637980482,1.2622973470298309,0.35506019298268005,0.9148720234342939,0.759124154478181
96,1.022669205693118,0.8383136695748101,0.7915635428798333,1.177346316997212,0.7261117500724441,0.7199120527187953,1.336419451217928,0.8062608713117941
97,0.8001951022902893,0.9604564256126545,0.6347277343708165,0.8758409517907356,0.6291278122282906,0.9233420630857312,0.778975445946053,1.0668513650619933
98,0.9881380823890359,0.5568953783093653,0.5433169688397769,1.4187620413097592,0.6443875105460014,1.5072849312310934,1.0066923016637521,0.8413968464357778
99,1.0368279944533132,0.5404310589517421,1.03242568366189,1.1968744862604992,0.924769320048475,0.5721058724305063,1.1205447882070416,0.3566767900707566
100,0.9617208299621917,0.578630593624042,0.4020743550013994,0.9592839019191548,0.8815957546743649,1.0848154460219885,1.0365480965648386,0.5652303618123093
101,1.1068698410746787,0.8435356432004844,0.46493562610110745,0.7659927734176329,0.6715711256975108,0.6712115325030058,0.8004974967495554,0.791372857871304
102,0.9537408867973121,0.415398348431199,0.8160759601764849,1.1922817717617897,0.7758189384756078,0.8073907882708034,1.0185493658759242,0.7811078569108117
103,0.47357581980270774,1.016030375904074,0.9283015540057218,1.0128987558232188,0.7339552277593799,0.8486163308919594,0.6236852056123355,0.6956191345224223
104,0.6790376750905397,0.9240608017912069,0.64458288934811,1.2119235364991823,0.9007926096463077,0.8563323857834315,0.9204172978366295,0.8104849641261289
105,1.0515915136981473,0.7633517082386182,0.6176075438555072,0.9756136916159105,0.72523755296534,1.3241070601154385,1.2443354463614384,0.923450618342328
106,0.8951284614009992,0.919086611565392,1.1081776563154038,1.2491894537056756,0.5365475421221199,0.9601888042865573,0.5262920690613478,0.9942411933943923
107,0.5204048716057015,1.0092403654633897,1.027456123759424,0.6656805719184565,0.8668440144187758,0.9633357775307366,0.6993000134071766,1.2735241982927352
108,1.1213615956740814,0.4187215490835398,1.0942825641263847,0.8221744876591977,0.7311901834470725,0.4796372275190399,0.49748332414498203,0.6276873471708049
109,1.0370064637601248,0.3215096173354858,1.1112219040201536,0.27315043407116474,0.8617094632234673,0.667114828357142,0.9171860527214504,0.9107573381379671
110,0.3477347459470541,0.7816909125700552,0.4739092745433306,1.4458816567161878,0.1992796040092979,1.622463031439422,1.1020987379559353,0.19933412205354545
111,0.5838639109130394,0.6260584478263315,0.7517599561384889,1.3645282793331994,0.816404264176343,0.4379967118867082,0.599596246013221,1.0544235466712721
112,0.7995236342325241,0.723432070888619,0.32487331980833134,0.7688831133230276,0.933750342821312,0.9721035225464821,0.6750030338438395,1.2645864014753179
113,1.3313149279206749,0.6155313694616166,0.41253872322737006,0.599478856835035,0.9619246897364685,0.9115107693636929,0.3443247002490323,0.300609017942084
114,0.7492755003591515,0.7880398734823992,0.8772781811354219,0.5019729204771707,0.9269051114751261,1.2480478485402855,1.0698795292794863,0.5965838576545394
115,1.0737425464594523,0.9840279713328488,0.5368498382533328,0.8361230917630696,0.8887817269336431,0.40376893549270554,0.6486950129421921,0.45406434027852755
116,0.504156103940083,0.7032803497307442,0.8402562690382628,0.9107432299228191,1.0472019870266742,0.5012006721118927,0.8293355987738855,0.8168557076309118
117,1.033265182647927,0.6177238299147372,0.7693434819027832,0.7234405682478094,0.9347359928221863,0.7470576332180747,0.8725990890984816,0.44321432278098727
118,0.9021577419519461,0.8623706641358672,0.6993587356281267,1.240565725685775,0.7513669326328786,0.9915768859512955,0.929430378802794,0.869100568460471
119,0.4282669636771652,1.0162605932103839,0.6277987399763465,1.1113614144306159,0.6220936345941558,0.9339178457265794,0.9988430660841188,0.5028913660260199
120,1.0929799719237199,0.8300653507046094,1.0986163822505755,0.730004482052637,0.5381687381143238,0.5303383925555911,0.6299177427320861,0.4025483002367249
121,0.9354876248446609,1.1274211662396303,0.9038735843024407,1.0661618801319404,0.9393870269280087,0.8648627732280588,0.8219458269101141,1.0517279191627007
122,0.6021684681420031,0.8016867391833705,0.37178922898916333,1.137749010828735,0.9139570463015853,0.8505632244882924,1.2741067789789502,0.5836584950064255
123,1.1856736827749874,0.7845874318054439,0.4260899171845434,0.6700209416542873,0.5699200842300592,0.5854948957199482,1.3095528421689928,1.0646926105357088
124,0.73422938110318,0.8867176544800736,0.9383531660150956,0.9258130294783569,1.1682863193923836,1.1293915008876356,0.3528259939414539,0.5315989793656196
125,0.7168042571993549,0.3455645671439347,0.6690096849614215,1.17779326893029,1.2415131276582163,0.5289535461780867,0.4668312694575498,0.6983279726265915
126,0.5430948457778165,0.5758857963083756,1.083440622384082,0.6973729756054697,0.9285607617233964,0.26211298179379333,0.2680779401008961,0.7846295965008292
127,0.6834106816665129,1.1822831216575354,0.9397002896446454,0.8406000949665562,0.9483685642404874,0.6528055371169386,1.0916618623251741,0.42304471274909056
128,0.7527331260118828,1.0795638305121362,0.745372689897357,0.7010293864081112,1.0364126761544161,0.8854256384258238,1.0118354265405132,0.5957628014349402
129,0.9717768735296833,0.8101712019101589,0.5346114948594992,0.7525539570307191,1.1644806144391522,0.9427071925873993,0.5683415552322029,0.48062790754136586
130,0.8108430078626683,0.3550345846564096,0.34500025029987696,0.62091586975866,0.7725249335436339,0.8376869847496696,0.6297753880294009,1.0374601434788968
131,0.5229964418725755,0.8196535671392691,0.8192579002784026,0.5168378120125672,0.8516145802944656,0.7215448592003757,0.4085297359507379,0.5889935160971057
132,0.34474123767924253,0.44924001411327896,1.0140954728592322,0.5667151538497804,0.7337343835282158,0.6832326073007057,0.8675320315167724,0.5363029287970807
133,0.4977097317773322,1.1129677405248644,0.4233018806249081,1.1141704935195933,0.7943539246924572,0.6883172799868367,1.3092809355501038,0.6735861359830666
134,0.9971219567354913,0.7815173717087924,0.863860705407348,0.4303832888837583,1.0311548501777288,0.9115169560292229,0.7765984876846492,0.7510353346642396
135,0.7367893445669561,0.7667120110051666,0.8194308732515667,1.0160878733012242,0.7122330053921385,0.9605413464935306,1.03252285891551,0.4222666187682824
136,0.7401964178438295,1.0597688112975334,1.0777870557459925,0.42564919029568876,1.054211173858287,0.5694035519593657,0.6602437407482045,0.6920397323302488
137,1.1027332505475473,1.124651401000474,1.1224710702588565,0.5951185748860336,0.6582675412152162,0.30939790706461634,0.7271984515855392,0.6721489342242339
138,0.4594229408448126,0.7046287064766246,0.6809580390744054,0.23459632873197592,0.4059098017657864,0.34087355402932906,0.5953596481220305,0.43253892707834574
139,0.5945769021178162,0.6816640059480761,0.8477148888680399,0.7817683236070369,1.1594867082157738,0.8581239587373357,0.606516408944561,0.6457596136769124
140,0.8318824636624063,0.8633552200382673,0.6150538374775013,0.9595334321589655,0.4745041299194616,1.017455817584035,0.7159581714783548,0.5195207241174459
141,0.6980566297813656,0.6339053215748397,0.7439870114168,1.1930781462894788,0.9175071965596705,1.038414582990377,0.8467836548499099,0.5637470122281604
142,0.464930831975172,1.041720497868921,0.5554262008186777,1.1340095596616553,0.8032817074346873,0.5931061398594147,0.7237685654819541,0.5024221945860268
143,0.7755991315407734,1.0611598364635488,0.7029711309391349,1.0717464815667748,0.6228230735656226,0.5567027973520458,0.886712667962306,0.5541712255115538
144,1.2601853148765834,0.5319359099587354,0.8249192589040351,0.45078392913342347,0.4230775905807229,0.7084771666071268,0.927526313543493,0.7693564353209366
145,1.053469576904909,0.3307702330902842,0.7096795172140408,0.7617707302209925,0.45944406429468193,1.0089400294017248,1.1161794939747307,0.5866543054556717
146,0.34431268692448164,1.5034609281948341,0.548570548827322,1.0112177451819377,0.6484945911143364,0.7780325408342077,0.6814014809640715,0.824669907651997
147,0.4328031783950499,0.7082318503118382,0.6291192654248384,0.9798741422894476,0.5329160983478519,1.0424640536038356,0.8318861486973073,0.9267997430748097
148,1.0142492399452712,0.9639969046999158,0.09403689295588404,0.2596929905481318,0.9825343477963111,0.35042666009396645,0.68847894942553,0.6207559388609605
149,0.6699495131671458,0.5851149606667926,0.5688940436906329,1.1706799570354125,1.122666199765269,0.6422590371076536,1.0851331117207834,0.5016501764007463
150,0.8721201410412793,0.48439074653950015,0.808175727889284,1.4179655525045303,0.7841060876384949,0.8046531036823501,1.0137638684730188,0.9180385765892604
151,0.8155371944984147,0.5422740010900178,0.7245705667128456,1.0256458408704348,1.2973986825589918,0.37611855599053595,0.7638875649482948,0.7530122634959444
152,0.41339629574945885,0.0576067152733747,0.6291824319213974,0.24447761182232203,-0.17283834135897994,0.8104425850766056,1.2887297406172895,0.6171463587753433
153,1.4402103831090516,1.1978138911597873,0.6204828464135381,0.7082428556485122,0.41243318371537013,1.1693843772174781,0.541946246598089,1.2117765981664852
154,1.113852913729928,1.0477388865823556,0.3774305950447645,0.9522144999292095,0.717785489910959,0.5397602183829614,1.269132296888546,0.5834767352726925
155,0.540517759764624,1.0019470663708199,0.5107115290020391,0.604884184299128,0.8312752443848049,0.7407495312456563,0.7863311936549578,1.2481210608682771
156,0.8732671758284309,0.8181754554991075,0.19597641548216002,0.8118819345470507,1.013935087597613,0.7810593658922744,0.7859974099375489,0.9906924208169808
157,0.9440650405576553,0.37679412952774227,0.37832547958419965,1.1069527322234516,0.530919960666256,0.9710254331205084,1.0638063730200866,1.0430657430702077
158,-0.05475860507524776,1.1196108617413725,0.6129046872425018,0.9943846900916347,1.3443812329643512,0.6810967508734274,0.5116806257017011,0.22859388719711726
159,0.67019473274427,1.0996368062988422,1.1791843474422192,-0.22907610071138113,-0.13287011779246166,0.6089667400356862,0.987868103504888,1.1306237337257297
160,0.2598206756584873,1.2221277960293362,0.7083267354583732,1.1222867133624461,1.0773157471146952,0.8475895050564499,0.6862518604481331,0.6885891963711855
161,0.6919704036166529,0.5916200795000832,1.3393989928637253,1.2903642081631579,0.5915685843635833,0.6325268176188954,1.2418149011713808,1.0575097250674157
162,1.0934000080038933,0.42511043036604446,0.7746580997310067,0.7683577025143824,0.8465421513179684,0.8540375374758883,0.7427754664491781,0.2190908147991304
163,0.560938732454748,1.3365233780096317,1.2799463305704672,1.130904757343195,0.9225295881799213,0.5826404343875573,0.5205585776718,0.8576917349822811
164,0.7613151693822584,1.042993581355517,0.642875788369348,1.143453630181801,0.5594659444854218,0.666203983760377,0.5625166127015795,0.7533826081099995
165,0.6525046163396638,0.7754185851616471,0.9450904393636377,0.937558412714166,0.49444660089790154,0.9612465303985124,1.0355433962716052,1.0034071169993453
166,0.9831702273767041,0.7988712896750175,1.155187704576996,0.5825788762323034,-0.04555114731406423,0.7896981991639695,0.7974655326112584,0.904551833206573
167,1.0906920977993677,1.0529823519951609,0.5323835664714455,0.981427800616301,0.5132463665804715,0.7759264099560869,0.857988792251918,1.2469337612484555
168,1.1766374946859643,1.0331472857569672,0.9816534042680823,1.426674836465345,0.5182363743618505,0.9292160399134936,0.7159332356107718,0.886754575173396
169,1.0129127273811067,0.9645745417285575,0.9818227759410638,0.36700644156244633,0.920811672930987,0.6103105296161943,0.5289669232270857,0.7904415544380184
170,0.8060773977756576,1.0982539526511992,0.8353076463305127,1.0517939184452463,0.9320154186646485,0.9034683987467871,1.4140840493291054,0.6821025690036295
171,1.2744947638820485,0.5601081169187853,0.6023268385608725,0.477314640744964,0.6371074027662159,1.2390839609254112,0.8320338190435578,0.768966967921258
172,0.8714349412316886,1.054140988027953,0.47763021025673275,0.9069943562483895,0.3965307022702737,0.6366290720242519,1.1454060856807595,0.6017554264451196
173,1.006526754066159,1.0804128113076756,0.5887326871026006,1.348949649694197,0.6509826848031013,0.8174481384417985,0.6524936357665028,0.320436174789635
174,1.1518399989304506,0.4724911151443611,0.6059759670474296,1.3393471143753473,1.109730582148426,0.7820637423957406,0.9348512494100133,0.6261474473108263
175,0.6150455816665931,1.2951426094678533,1.393049264019651,1.163642552794998,0.8256068601923606,0.866244430230848,0.6150310731782566,0.5167053654761727
176,0.5870931459993504,0.6709734787264394,0.4711336917165046,0.8910313949221385,0.7458126101496091,1.0633634402585423,1.0260408088465869,0.6594004961937572
177,0.7333723409552697,0.8367683881207896,1.1168995033591242,0.9357098751181785,0.7528848897466655,0.9241144147864189,1.1095228226650056,0.39481624093309414
178,1.0213500272970528,1.0107548352300035,0.5012311877173651,1.040365932712244,0.9663972994623473,0.6388422672199914,0.8384554688496104,0.9009624774904748
179,0.5476246509487074,0.8387911545637146,0.8341793886324893,0.8310106404153613,1.1332149071709925,0.3612563045197101,0.8260309548612098,0.6198116802524924
180,0.700149345726058,0.7573029998274396,0.455120196615169,1.0780859257383186,0.9146648655995501,0.7890256900600149,0.2935606878131579,0.6327987835423989
181,0.6024021529449175,0.7095479405608756,1.2652021310507593,0.47584742957624,0.8115212123290418,0.6242736157601132,0.8074516661914715,0.9621501102811496
182,0.9288752689411109,1.2806667360310333,0.8697693702461633,0.7628650145161316,0.6952432348029742,0.39427062593203543,1.0651407631200105,0.4719266198266642
183,1.0318513976731705,0.6432997915039685,0.5082029970734832,0.8643708209809734,0.5003451889906222,1.4810895382900673,0.6671844728593959,0.9128363453480826
184,0.5035249330451506,0.4601622461386739,0.36384026402895725,0.9324758570659661,0.918592597944277,0.6634501709497372,1.3047481677808022,1.2066178228056919
185,0.7653968495534237,1.1680206548437402,0.740620455343585,0.9982000905777357,0.6603675997308331,0.7734331838175312,1.2471901890226877,0.8246579026725933
186,0.7415886806815749,0.8066068654162354,1.0485287882885448,0.30524950779887133,0.7296987756257455,0.834722978176914,0.815001625350544,0.9342472467616492
187,0.8590624302694444,0.5826642949087407,1.2453994897084302,0.8172691735266316,0.6812686013416323,1.1256140162013755,1.3238470227985712,0.6137175064938506
188,1.146932793329323,0.34575684862732614,0.3344337420364693,0.6392751248568677,0.8084514850591986,1.2070198894188964,0.8024059079414141,0.8709989069212806
189,0.3817217542661493,1.034266541175534,1.005751502569851,0.5689329141912278,0.8207657574241274,0.8841443675743265,1.0220812009009554,0.7180207520225078
190,0.811104728372628,0.8143715948494755,0.9703620700745672,0.44467346393875895,0.8172090961307603,0.7141162089762655,1.0669705622564412,1.0558714900636021
191,1.0056919100349702,1.242798501756227,0.8297789396552799,0.7577583587857186,0.6484031160192856,0.9868863337396858,0.6881421068695595,0.903207519526624
192,0.7814001972753827,0.755592616488568,0.5469481698692829,0.6935734666949932,0.7296011265191557,0.9237914018811783,0.6761779288976932,0.7752807572358545
193,1.0809138274194927,0.5572303443668207,0.9504844766716106,1.0054034326232613,0.4092707988637804,0.7534418102317693,0.38071177178431626,0.9031495050520129
194,1.0757754062555807,0.7475523368110687,0.5110620285193157,0.8708964642488417,0.7724423444713524,1.0897163602242403,0.5456421352540269,0.4579756173680959
195,0.7847975791862518,1.0383888187979788,0.5512188627279283,0.6756244901519782,0.9991841755993978,0.9425684277838897,0.4885414061179485,0.8685944002969631
196,1.0353489057408962,0.8865446920215088,0.6324324367724806,0.6856399817763085,0.5852930840597208,0.9012438732772069,0.5501697916193956,1.0888557519590383
197,0.8136122880673196,0.3910976030718586,0.9029861764375108,0.8887635593487008,0.9326083354788356,-0.05867596217143856,1.1051521394285049,1.0207806729591318
198,0.7382789931261009,0.9981217430566656,0.9902891779415831,0.17784102664517046,0.8890906739222408,0.6845979380535959,0.7188140737799185,0.5843126326395948
199,0.2720544765031906,0.946010055348943,0.8060302889170263,1.2859270721159217,0.8290839425144733,0.7936654919728052,1.0675086908341704,0.8139635252675208
200,0.7881015693969687,1.1590659418932114,1.4699209757715184,0.7799386223731084,1.069388257119856,0.5533200046448093,1.0562451526322116,0.43798583594385765
201,0.8454594559052352,0.900431101589239,0.8008532158666779,0.5739771934245024,0.8838747031505508,0.7703911636758514,0.7304591649541997,1.0253231550669386
202,0.8679617583251412,1.007436159422567,0.530784487672083,0.8256840864300065,1.3244015242067426,0.6501512976211838,0.6847645949510204,0.6763943285200411
203,1.1696510923084027,0.7594832272385779,0.6072897122376562,0.7531955962629954,0.8279940626965916,0.5587652988547962,0.9839361850724391,1.0154395483304606
204,0.18535853405047945,0.9857621947852667,0.912448380283589,0.9316820319828387,0.42593712862942645,1.0018330579723538,0.7707354446940368,0.9299455895007448
205,0.864867496292971,1.1447956922431857,1.0316475665242877,1.0422053677650134,0.8717702862184913,0.9155068084620221,0.6394217068199286,0.5439856123261552
206,1.0229858315641784,0.7488665735391357,0.7193146367567237,0.824959849589025,0.8914676874111112,0.11502513045390013,0.5931649904744423,0.5476417834311491
207,1.0472369446454846,1.1966409607270374,0.7202908739089422,0.5346773307884096,0.6988935618890073,0.5719379169286185,0.6802234474784081,0.3773746306077523
208,0.9042840623484872,0.8707520648722696,1.1269128849570902,0.5213462966007324,0.4767998586119329,1.2111345204241941,0.8464284211173118,0.8510961728624634
209,0.9587314896110753,1.208695758583086,0.7238994960828798,1.148489891477656,1.0813688220885518,0.8026029313627382,0.5197926112416843,0.7251366664903865
210,1.211165493179267,0.7457124607877719,1.038175895888862,0.7041264101697725,1.1562166253139572,0.47580038949522935,0.5506193238608675,0.6194788125892856
211,0.5478273421797513,0.7571385110607082,0.5721169162482183,1.1023870668707196,0.4476027822426401,0.7284168413028671,0.9520787449933814,0.8893590856647874
212,0.7562084642284285,1.0874073953256873,0.6859999812328433,0.8012299888507747,0.7256264441501157,1.0823183697235863,0.4581290331994559,1.2728922618483578
213,0.41475601284919333,0.21617732848271068,0.45322212159969516,1.103750505375545,1.0669723017697146,0.45836190266269106,0.7828193277334794,0.7181090798040461
214,0.48448462501872663,0.8423638906050865,1.3114415173908784,0.5824398978282054,1.0828171061120322,0.5915269895505039,0.5965242436118497,0.8998886472318753
215,0.9764820915672073,1.0786905579257953,0.61307895265783,0.428771042220837,0.5294699611479898,1.1383343851661774,0.738712842181556,0.6439571692878188
216,0.7325536472022516,0.7499024916037555,0.8190991975676829,0.8010856262855732,0.5159683059045843,0.8219025734769781,0.5644751026209096,0.29737445917894884
217,0.686554673971985,0.6037013934132551,1.039248602280886,0.4738785691503713,0.9485457800295959,0.6626546798663528,0.29540843609426803,1.0136577543947973
218,0.7378251446985907,0.981017744444657,0.5473233683328593,0.5928046162687135,0.6015085088976063,0.7807838451818678,0.7224556294496536,0.819190972346214
219,1.1406445704364494,0.6018587990070698,1.0809766657314377,0.8285195379450886,0.8956127756948279,0.8521274607122539,0.4598309059415052,0.9880488497425693
220,0.8831101800315446,0.8536092879027073,0.8673805608764821,0.6757961282169954,0.9240341616013484,0.7067686144431576,0.9798863090758361,0.8729180609511246
221,0.9094176265144706,0.4380997965646981,0.4375369446339095,0.8010671008247283,0.851502549216777,0.6273922654717544,1.0687788907225122,0.5262288542911702
222,0.13491098681376582,1.0701987235531132,1.3633626614083159,0.5050984364131145,0.6003132640328169,0.8152176665794489,0.6631615172426315,0.387874852024945
223,0.6076575430937301,0.5714267520014102,0.7820127221380022,1.1803095371393961,1.2759108323265809,0.5708536051602594,1.1223196778952231,0.9953360071968776
224,0.8288878146139667,0.25456250699105964,0.6847380425448619,0.8568453591760442,0.4173761942083998,1.4103263424257695,1.167879206509925,0.9545607551115263
225,1.017056171503583,0.6321762207035432,0.8703860298430219,0.7791774712956215,0.5450652162323293,0.9084860214837743,0.8803638151597004,0.7639040309392102
226,0.9700388218790371,0.9129571842207898,0.7125924373054053,0.9679470487727427,1.0069601138605964,0.6211876558804611,0.828244554314149,0.6899441319033244
227,1.042065025789529,0.5403623265605825,1.37706220928916,0.9319893997893145,0.40286110194056657,1.1086784987954366,0.7624741813861009,0.3730439756201139
228,1.3189387269058757,1.0910853997952417,0.5431878967656318,0.662251859578343,0.5113315876436103,0.8752553401850651,0.5024656899198754,1.1465266171370572
229,0.41150355438385133,1.1087211826920031,0.5844868046801179,1.3038521878483726,0.339494678269877,-0.028407085354392052,1.0105150373179956,0.3858087991729
230,1.0348790881781122,0.6795379309061582,0.580519693045756,0.6657563681332326,0.5080542575855118,1.1225735163150299,0.529958517400871,0.7916089426630257
231,0.8394379791024694,0.9045418045047817,0.7866115339113041,0.7564743033383403,0.9067707440144583,0.6297771576689293,0.6111626073484957,0.7397460813980273
232,1.0870061393663197,0.1576917793922416,0.4750878137585044,0.7269714156928422,0.6060665754753005,0.9117937797025158,0.7913690498617403,0.6681247666656841
233,0.5298814626049535,0.9134449588975844,0.7753526993121483,0.7825176517935927,0.9401278821746379,1.1616035194438827,1.2381992499738672,0.6807710872472511
234,1.1136816828032126,0.9824701693065496,1.295047485074918,0.538057692748932,0.8555995471214697,0.5585232802492296,0.5080057291100932,0.702307787404073
235,0.8437408292193711,0.47315008763986866,1.3525903202492202,0.6081614241834962,1.1208702033326812,0.8633679596020642,1.2212726112378558,0.9561055082264721
236,0.393825095571554,0.937486049803547,0.7961519382389707,0.8278113296449154,1.151274389730902,0.594426880507292,0.3934509278746394,0.5855029555245358
237,1.113580239653597,1.1672268869022204,1.024916829355705,0.43173222978786485,0.5312883225290128,0.6362300527535066,0.808323059104703,0.769764747068908
238,0.7694299462689822,0.9383066036395967,0.9883606825528964,0.8096670828019659,0.8383337100776252,0.5558300071263848,1.1153828472968716,0.8929521452838723
239,1.8409258252890233,1.015333860886801,0.7693474814422295,0.8249810500922511,0.6728230940291225,0.6896259438195403,1.261990336661131,0.3395654229514386
240,1.0728331565450269,0.5932848240256097,0.6764281545352538,1.2285113746589167,0.708895066906774,0.9252324448585191,0.7887426140285276,0.3769858909933893
241,1.3696233386229053,1.145807054073963,0.4482694797366646,0.5251022677022192,0.5930096118675852,0.6730336454370623,0.7636116685643016,0.796724162043307
242,0.9751385822225349,1.0809828166485629,0.8853977484162746,1.190094301211073,0.8181199669665736,1.2246910977522727,1.2031339331456468,0.3651951876812325
243,0.980636817834515,0.4535512993493503,1.402417135935573,0.9202131949779727,0.6639717480238209,0.806047526535792,0.8249075848596196,0.5394720783175322
244,0.31226862039755193,0.5457511445198818,0.7817062645245602,0.9351071567357918,0.7691393450856985,0.3637994261999163,0.21686050558509481,0.6429734243750361
245,0.869881427423279,0.9962419568752254,0.8839642703478775,1.3372705960369715,0.5810837484242602,0.47123433489337563,1.0360726024677,1.0317105205512913
246,0.6789672221112149,0.641029390572242,0.5958522201472133,0.3500801044682799,0.8279691959328478,0.6864588180198401,1.479002908114141,0.7509462873107441
247,0.5259262472156766,0.4517041765005213,0.584900973015946,0.7804508048946092,0.8727386611290588,1.2293443628333258,0.9337368075233855,0.9360667384813386
248,0.8001233624291019,1.0126943118019345,0.9301240807953731,0.866667440631186,0.9292790383830882,0.8146701375013817,0.7655274910365274,0.7362087936494364
249,1.2916402709070458,1.3978965880210854,0.6516602699085033,0.5856758322905937,0.6775630973021584,0.6999772153889763,0.9556978965767445,1.2770940463065508
250,0.9690164294436064,0.5613849763551623,0.7345731247233017,1.0650524075456285,1.5016470335222158,1.2891898674368079,0.555167499446202,0.6072020157932563
251,0.6249846134292856,0.9646275358429446,0.6958891473463529,1.0227435997198524,0.9664721550058987,1.0052828582502027,0.9310473171511626,0.762626310808415
252,1.1970454034151632,0.6424647414634514,1.3891207069334441,0.5628983048859542,0.9786338564018738,0.6955275799121676,0.9360456850250373,0.5866453333263252
253,0.7993015151506923,0.8065634392717271,0.8886715592821202,0.9393985084551979,0.7933818728343361,0.7395328885245743,0.8994610760816896,0.73868352403708
254,0.8616083113069232,0.2530296155990261,1.195535728211923,0.211214854455475,0.6051628020330239,0.3013928087941326,0.7659343637272347,0.03801958848966125
255,1.0055743945761926,0.5278737999422279,0.7640365193979325,1.2120415916859857,0.9634046879606644,0.7656956636165748,0.9673326928052506,0.8226677276535109
256,1.0033733040746222,0.6841915273859076,0.9049569046673575,0.36556235640393164,0.8779059244316182,0.4619685433426049,0.8787203386351847,0.3165956965765661
257,0.7069426706075644,0.2843912264470408,1.1680159692457184,1.0080354474620772,0.3715561740191656,1.0423774229858358,0.9114871371167044,1.2008555362637456
258,0.8953202274646291,0.5428491279955748,1.0229196665221907,0.167473272718477,0.3813493749680386,0.12540521915404076,1.1965474011057435,1.0727000473795392
259,0.3789795283277234,0.39192106921140596,1.0745021752568407,0.4176993248509569,0.8527663535143413,1.433363888949208,0.7073026353768519,0.8320071915147051
260,0.9198518060949363,0.6105952518201898,0.8220470794496013,0.22425573129715803,0.7001784093820318,1.4698596688352776,0.5849885461218207,1.0480706359942003
261,0.7504803260952123,0.8277241594344109,0.6641959931501619,0.37117862816306674,0.3910911310525659,0.6877587828302334,0.7909966203307145,1.023322616411446
262,0.783516853981877,0.9945506813943229,0.7977955605696309,0.9147686850243832,0.7990904857440264,0.6559376142605658,1.0388434589239766,0.4513634869996229
263,0.9476060437842081,0.6625893142690461,0.7107003888608749,0.6871604531763551,0.9741889419948762,0.5772549838532187,0.6597766660845992,0.8708920677328088
264,0.4127568331389279,1.247869219858101,1.0504704219369474,0.6654677929863861,0.8349674759627727,0.667996006686648,0.3711562166461045,0.7167821720345999
265,1.1181633202688799,0.9470263235656892,0.06125435756894321,0.7696876035935403,0.1776600995412734,0.7953201656572009,1.0217480459452688,1.4044018306386556
266,1.040277755296203,1.0168451859701386,0.8552359547226095,0.9746077219986681,0.5321166885639147,1.1808831044834893,0.8152425016111159,0.6423929116680507
267,-0.25212436490220547,1.0367635760385556,1.0810732674758046,0.09757560666699021,0.40620984741500865,1.100408307145444,0.8052635053957806,1.4514737251056833
268,1.0038817660496182,1.0351508620695258,0.4471341290579673,0.5962052593605872,0.9963499313234764,0.891135715797712,1.0808721442109372,1.0207090933963205
269,0.7073994373170144,0.6827555713552592,0.4450869683995334,1.2382778082329624,0.849273970545916,0.2791163267465752,1.03269536942908,0.7069454529472631
270,0.13613852548917413,0.983901081148637,0.6478190272868647,0.9254588127771585,0.3941909130459718,0.9554619773057271,0.5384328086778871,0.9773238076003777
271,0.729746244990006,0.8292966978691695,0.43578075814665723,0.5065010221412508,1.1130851267457826,0.4922035248213647,0.7247045944203537,1.0047997560230673
272,1.014204462907124,0.9484475930578007,1.255624832004233,0.8097300124450018,1.0384394303693467,0.8850551253876016,0.32978295277599257,0.8580579518011717
273,0.6856844934937478,0.7974042336021738,0.7985570794912934,0.7196200788203949,0.7962746937690117,0.8511631940595512,0.7326713475880947,0.7313975968605698
274,1.0293926128502617,0.607110556080412,0.5859246506689947,1.008931375184969,0.8385339376137021,0.9112161238215062,0.6959762203576539,1.231005799805807
275,0.8566580505205617,1.4123054017090217,0.9535569646538202,1.4340848286726224,0.776784074252046,0.752922295633558,1.0148413596937709,0.8802976191527577
276,0.6885564965196207,1.0517561395647272,1.0832110376711122,0.6547167970571669,1.193928544286626,0.9333022165912629,0.9314866854448177,0.3622031798898164
277,0.9410757328596494,0.5122310630313465,0.6256466622213381,0.8075824700211587,1.2119032917956298,0.7262860786444005,1.205127753621551,0.6323774007058593
278,0.40745548932785797,0.5064135294345065,0.629808225864937,1.1600378288071271,1.0499624635427989,0.9911131495892174,0.41982758683469074,0.8815917910010304
279,0.6586184726827577,0.5965469056045214,0.8466662744958857,0.8669390264165142,0.8705900220897611,1.1930989626807051,0.7077127014994715,1.1974638193729903
280,0.8017552875558565,0.7919495544492109,0.9445515678272696,0.6893117272170357,0.5272851290496031,0.9067721958885914,0.976250697156013,0.36309979518185403
281,0.8555956784781925,0.9093809083134952,0.8098998846046574,0.7085560656868439,0.7748699474723613,0.9305877706898753,1.078789983799854,0.7239633491925189
282,0.46047328065316573,0.5816350269962657,0.6927635452366642,0.8655821340569472,0.9573175868787517,1.027559173053146,0.5258405370593959,0.693315925668154
283,1.1307363272559814,0.9045430046704174,1.064915912782129,0.8655417777482767,0.5111856207009311,0.8975924673762544,1.2145110267741415,0.47098761246369786
284,0.619153106126706,0.8089696337656372,0.9960508368391838,0.4949026303666464,0.8818954752907949,0.7409685178087151,0.8457803621588652,0.9210989875084964
285,0.7290405455564299,1.0885421029047917,0.35484624263169096,0.7780530367245326,1.0844261626256628,1.097794790814372,0.5793082225707908,0.7772132462653326
286,0.2720519316509077,0.27225208117335414,1.6250495656563153,-0.11855922405531771,0.5779961660763023,0.22932740768521634,1.1242276141281586,0.8185635355521819
287,1.001069123412568,0.9375971942240423,0.8698953145645636,0.43031672867869536,0.4737244177810232,0.7329864383193492,0.4590117536746111,0.8627211945114186
288,0.6161216158088957,0.9630700074120978,0.47555595984187354,0.5106830607559957,0.8048610644164278,1.3213533062032012,0.6028328442111722,0.7868179163050073
289,0.7672015172246047,0.9730264298697222,0.7719931484968097,0.8236179130234788,0.517438478601881,1.0117395873528345,1.046979551372225,0.949709284708054
290,0.42910071990600407,1.1680235608992293,0.9443184890360691,1.2883459140807234,0.24947388648835622,1.2724773848064914,0.4225412581728074,1.2194173040222687
291,0.23285601504689724,1.1114448305291622,0.88372435816899,0.8643120235208026,1.110876523979668,0.504542333443663,0.6931227486519583,0.6076657909850524
292,0.8982555061003406,0.37640336845954575,1.0494154788571988,0.5262473266565264,0.6539704865497855,0.33958016245190403,0.7828075837794048,0.447771611393929
293,0.4896389843028925,-0.04360157173444973,0.9892139704520699,0.595186743023807,1.0979982783525342,0.9918004739859111,0.33176425478553756,0.7423054164064053
294,1.1244126937748582,0.39636270550708896,0.4252223352496964,0.803559618384797,1.0827337173164853,0.33498212826796037,0.5467246337849491,1.4687974809478905
295,1.007466337431628,1.2056301150412718,1.3199108178837218,0.5517622017226362,0.1888620907145022,0.9022427261766163,0.6199982301685059,0.9591535462798834
296,0.333874578708408,0.5127635743864982,0.9238731752126672,0.5008226819854584,0.8244639159989741,0.9698439826605469,0.3927336136627605,0.5106990018299135
297,1.00232959264695,0.5786648389989929,0.706459257066302,0.2610610364269911,0.5794357806405978,0.8873640512770428,-0.09912100848876641,0.44664955979329196
298,1.1064199537461927,0.9346919646154974,0.36190744844872297,0.6502212196783822,0.8620937466192656,1.0471641870963069,0.6636505413566645,0.7177687015255981
299,1.2687814396086288,0.924890041808073,0.5947607441908592,0.8040849569740822,1.067948505359694,0.4627708914401384,0.5576993480936651,0.9273826379073629
300,0.983170494230271,0.6744473848558636,0.5873667223888448,0.4888692575823632,0.6952927828556198,0.7022907035651701,0.29883125024482066,1.1572532468194918
301,0.9098416378991033,0.6466750938268413,0.9352043312214703,0.6575083112738952,0.8646546484364154,0.493839075340123,1.2428923038675843,1.2050025479963322
302,0.8053952104084628,0.8787184074001118,0.8953395905358872,0.7332808017590428,0.8741025922918192,0.9863014184245088,0.5266147239998983,0.8663050327798668
303,0.9823708102651373,0.2471811909794661,0.4190275858395096,1.3804320798174048,1.3792962545635523,0.6920249462219671,0.8289797827685197,0.9564647045019705
304,0.5102708864086132,0.4308135448838325,1.013107154843073,1.1584449869276465,1.1553564511451042,0.7791388129471812,1.0523123311041136,0.7393335490831288
305,1.1470145163385634,1.0565661920061606,0.9756754092765542,0.6209706647379276,0.7805872984219908,0.554353123306603,0.6745716770207667,0.10375155229878757
306,0.7293186079741438,0.5147350426718827,0.7226804188417946,0.6635183189687209,0.5789959107447523,0.684017306568876,0.5644772094052956,0.7120426419263195
307,0.3783341442985753,0.2834377618550731,0.046858968517627324,1.0862037222482277,0.36205390793700876,0.571697919552428,0.6031136072550555,0.728470723633184
308,1.1414271965597724,0.7900059363825123,0.7324283079985481,0.7288343225834087,0.6954989931153085,0.977354849356756,0.6307886937664596,0.4242450317390082
309,0.6489221308184363,0.6896405796944561,1.0264186931157198,1.0701014897013479,0.9971085899801555,0.3681781304283929,0.6244072202081644,0.9171822278785426
310,0.7435032295774092,0.4016370115089255,0.5117726589274411,0.0014587262523068662,0.3496925869858614,0.3576581527321385,0.7061957467900207,0.9066431968304863
311,0.8040879998651126,0.9334905771762855,1.0089859728561772,0.7162515365019779,0.8608937583312236,0.7929619103788247,0.4356153949959132,0.9339253383347994
312,0.1330003702686471,1.1500074650062289,0.7589895285018288,0.5320949395102585,0.6535013883820656,0.36619556356049104,1.1714216828125392,1.431358718935667
313,0.4758676859541168,0.8007259240711846,1.145925180244239,0.9708801486346774,0.5460472939065733,0.7050661189269447,0.21821062734481214,0.7191108452511293
314,0.5645952429704317,0.4391597452105019,0.4357045836515359,0.8531237320587008,0.6590189079245878,1.2430396914467692,0.7110763083210788,0.5348631962874753
315,0.6150270653434811,0.4223884154611348,0.36697199255290097,0.781724975442269,0.5734623234101963,0.9919590546237207,0.7477059302957656,1.0859144423203642
316,0.8745933234717667,0.4801199920187417,0.3519357383261877,0.929672916203676,0.8230565447931322,0.7383502397067432,0.8480000614158424,1.003158444036036
317,0.6534762819003944,0.9157637222425381,0.8290959602702115,0.9129838935342636,0.7519279277207782,0.8154598163040537,0.8713494634142364,0.7538706314733612
318,1.032073093498273,0.7971403963791975,0.8245237944551299,0.8954803478398854,1.1622939927645226,0.6701270029907057,1.0779997480005301,0.6677258031428974
319,1.0983432250455833,0.6720290355482761,0.4457746987481629,1.073904910290644,0.9231492894379123,0.7384782646137175,0.693519876404667,0.29481417826425016
320,1.0271754952879357,0.6039749564937488,1.0383078441252391,0.8545442366238969,0.5467897475137279,0.8313386312631161,0.9618102412030626,0.8392648447978962
321,0.92878614336014,0.6950300763025321,0.7106382296578106,1.2036421970528257,0.5655755602702799,0.7307648129445923,0.2950435236311279,0.4837163444347432
322,0.5896608519924965,0.44673807997807147,0.6649399339179063,0.5960670887708187,0.940044990197784,1.066868033451356,0.8773544266749956,0.4533366198572343
323,1.124663056182747,0.5389877919046997,0.2633122353059337,0.7326316674078971,0.6328551776837561,0.7100752497821394,0.6874452838918197,0.9397647415875141
324,0.8996854901417842,0.9127892397414972,0.8256709198785006,0.7333449678024825,1.0816352534100182,0.6321022683637321,0.3873204686220074,0.7126823216277743
325,1.0325123190741634,0.8469053944502531,0.577287922551074,0.8667661484848516,1.0668125187731012,0.6202028370519027,1.0578944678633309,0.48216532297210607
326,1.0301846099148662,1.2027308735858868,0.9819170148107751,0.8501004498736999,0.34429574830730847,1.2695282983169194,0.4525752683620638,0.8812593107323845
327,0.9856487212223367,0.31003660684622975,0.48530038255805025,0.7086740939063711,0.9561895565464343,0.5361996990386375,0.4945758942996691,0.8373095844229221
328,0.7510051222866212,0.03137555222573982,0.764055481957133,0.06911025102362253,0.18962735109901588,0.5012570193855885,1.3038763976762116,0.6731949788354992
329,0.8943224777419027,0.5171983261034672,0.9659789936033457,0.7457118083216622,0.7023771383466917,0.4725680165391323,0.8559196038395541,1.0885559558102649
330,0.5825033119642289,0.7788755556088012,0.919538285297608,1.0328952769554023,0.3994034681094443,1.0167869552544189,0.6961207390715423,0.884757703142684
331,0.8107136187626679,0.8229460098203538,0.661702457954339,0.7801023716844538,0.7923169659853154,0.7133336027676072,0.7287120619260622,0.7311293193046711
332,0.817745689771381,0.5639688598822052,0.5304823107035742,0.845787741220607,0.8539505141221222,0.46035144304105713,0.3301456403158233,0.7661428449122283
333,0.6964985789916606,0.7067616215128376,0.6014878906859539,0.7012313500835896,0.5590740576570253,1.023131374779371,0.36246307415958867,0.9545660710884267
334,0.7758377179032173,0.8503868455729942,0.9394117573491525,1.0472617016555275,0.7091048397134296,0.8751428891834289,0.572589515525689,0.7082308546433586
335,0.5475692751145345,0.7987689180295438,1.1435286153770146,0.8285472144716636,0.9176732442741248,1.1122858836993683,0.5091486823047623,1.1954617193540371
336,1.1452368754849702,0.5429680752293504,0.7790042215793351,1.2693411130671508,1.2314820846789436,0.5026048105482325,1.2253953880867703,1.0019141268947378
337,0.5755862798214841,0.9423200791893391,0.5927760654910301,0.4296618894181775,0.2569246396957996,0.8050789391994614,0.6456423977547776,0.8226908237062424
338,0.5335340150225877,0.7111544267361166,0.6067171634656949,1.0120231502667982,1.3338883356365925,0.47471228118116937,1.067048303652403,1.0150253351452296
339,1.2968456545176454,0.4632846778993804,1.2221769214152094,0.9634869071973667,0.4002183143658407,1.2233937243204909,1.0710457509274454,0.8185640595196416
340,0.22479195923545953,1.2217720341282328,0.6924619179197571,0.7518364574739059,0.9402446923309535,1.107150620892579,0.9002925157660117,1.1005621569496675
341,1.1295218560604217,0.6395908598684924,0.7866462540170799,0.6906276513468957,0.6378767362238857,0.7403163579385665,0.22558431791818764,0.8688175547406922
342,1.0954341887722439,0.20085602711935235,1.0948889255896754,1.124296109677446,0.700250864111699,1.152705308355104,0.5225270479364876,0.5853808027592939
343,0.6409061471800707,1.1403312008964361,0.34723856589058466,0.8154835817246661,1.2310724475519557,0.5844319209228895,0.5642746059672581,0.9412929398064442
344,1.2301530683385498,0.964178552092485,0.8204271205143965,0.539787373937794,0.5982349100184787,1.1521960210387376,0.6630834486926559,0.7277847564388602
345,0.7595454134056008,1.126775195343113,0.8258788216311522,0.489750722674062,0.8200069355103639,0.6996387916633924,0.47882679606614,0.7931682711134156
346,0.7392309888149288,0.6543293440371915,0.9072116822860128,1.4105816165897869,1.0518685751667827,0.643191193759001,0.4105777599430983,0.38501724299558115
347,1.0538261805039386,0.9780277304710309,0.9606490183716317,0.7154906298960022,1.134743843252865,0.9330415655118734,1.0861273624198573,0.5630208751738773
348,0.9869412412460841,0.6539859969858417,0.5205254448488019,1.193501673093046,0.9874359434327943,0.42008904100915234,1.0787862063757754,0.6097986618728068
349,0.6763366362938958,1.1673321899729956,0.8794680520684195,0.5067011452531375,0.6613369878175475,0.8232285050000562,0.9076955238403547,0.28933921264142703
350,0.8836364729268469,0.6025983198230366,0.7022345846550371,0.873398887722761,0.6668513605953179,0.9901701072941942,0.6983760315000539,0.8997107924323599
351,1.1491795383685337,0.7650660358149768,0.6703013369091358,0.7616057892250844,0.8287829592933379,0.8081330583583466,0.8929198377024142,0.7891687603688736
352,0.8026805703831361,0.838358884199276,0.6140310407253632,1.1332693089513404,0.30116325306103836,0.9036226982474674,1.1916586008042345,0.7923985852080653
353,0.5344724362495754,0.7854043045798133,0.8737562766486472,1.1193245568393808,0.8129745727229016,0.8703764274743212,0.8884925707746015,0.6081668633611061
354,1.0020144423640875,1.0820425288705733,1.1135154145252069,1.271409543792106,0.4271156627966933,0.5566158181590297,0.7872775417666122,0.473046105287065
355,0.6409516928975109,1.0088945875983009,1.1203246884008924,0.8521723566278782,0.6721878243817305,0.7836713363848273,1.0110422961317778,0.6696857935526099
356,0.5828663987105591,1.05173322212104,0.7536465030524405,0.9928826916997733,1.1595257573303763,0.7978189078796682,0.6848158910117638,0.6880525573140025
357,1.0136083612958964,1.0168177679433787,1.5597233867888356,0.48042070779305646,0.7348774294559832,0.4091340901361968,0.4264998656670693,0.5896316149413408
358,0.678932732589812,0.9709277280014914,0.5642130491353855,0.7093541752655297,0.7381407926421782,1.097445091680269,1.0222297446112167,0.21486699933525738
359,0.7268760678280226,0.42058971781577803,0.6053164578096363,0.7337106924625608,1.056387399249517,0.7862996749112262,1.3069847358002893,0.9955415098628432
360,0.8198106727097957,0.6315604668967247,0.654489061497503,0.6605258097447702,0.8343961476890727,0.6718697887278962,0.7725452601582957,0.5143992857731651
361,1.2522501256934138,0.7697801589041464,0.5925981534926502,0.7348563886248002,1.1025886681239754,0.9049610145299157,0.6590974978291655,0.8437793010066533
362,1.2860773982440137,0.6173617402485875,0.39934503394047405,0.23248241762553726,0.9178327274475032,0.9138162881405809,0.8632494881922111,0.3190133280816865
363,0.9001644552433257,1.0526041378485895,0.9474439671679877,0.9273747310871127,1.3499204652015797,0.5293017186839355,0.8035789560180714,0.6052541021488961
364,0.016173396949995977,0.2575997506822361,0.8543784234753289,0.9534262025467702,0.5732242139607823,0.7127718239309228,1.4509348659139334,0.08525232995920048
365,0.8226877100362514,0.742600276466833,0.7661872256445026,0.9265005559413588,0.780098634873004,1.1148869995897763,0.6821813225230456,0.5079993420855168
366,0.38439412051752464,1.1254748602907727,0.8204957431872831,1.0715455957038806,1.365521343004997,0.9158875986590798,0.6186812757118849,0.6792540634999418
367,0.39744225352512225,0.8276620267530913,0.7054832541083299,0.5863248774874323,0.5223367954570725,0.9144724270034887,0.7564013448062441,0.680463969524437
368,0.7190685465655077,0.5077817852911106,0.6921282942903692,1.0775929143427665,0.5848295659875721,0.6871998120440573,0.8620190676117638,0.687780105000724
369,0.8122243214052283,0.5775028661234979,0.6731257592343488,0.28495718437962697,1.0659338907667806,1.0441996912597182,0.44384216537014765,0.7886518933512282
370,0.956037571181309,0.8501640187416311,0.9183240137291222,1.093425929808913,1.0546791837762846,0.6353971784186768,1.2440750509654845,0.9039969441186676
371,0.6428980811579043,0.6834539999252232,0.6479744914563978,0.8091368968472842,0.45973650407511996,1.3403252006871633,0.7770280318522312,0.4984080904981654
372,1.1790456426372298,0.9456963145897143,0.5722242997942416,0.8458768621868491,0.33319515706967706,0.4442767783074324,0.7968484891834972,0.8642078316852613
373,0.6405240423006421,0.8339955748490164,0.8454313749354134,0.9301383996915781,1.0207534411887715,0.943871178932894,0.4858929028497419,0.6194126354938042
374,0.9259854196461904,0.8975332607858387,1.0600332842944427,0.6285661803558987,0.5646238015511766,0.8064875528113699,1.127553527910003,1.0880882088733226
375,0.8574472974616062,0.787125596646937,0.48874894628581156,1.3554155414141718,0.8363979115242055,0.6967110569302077,1.0416817036472645,0.800078955855437
376,1.1996583698709598,0.6614951631716566,1.104582966178833,0.5939521309741165,0.9044854353420496,0.6940233384597451,0.7410311975837817,1.1440208522285344
377,0.6503062173837801,1.0370479371997832,0.58428260937149,1.0781791213048395,0.6812372644113012,0.8618700016141447,0.7067395171344635,0.7394887285231072
378,0.6996318129340888,1.225598724025188,0.4582841641029379,0.8088623673080043,1.0560677267097751,0.4914963654842893,0.5599140303903757,0.5396853424136164
379,0.8562007328677618,1.095392727474374,0.9205723973025766,0.905836748952504,0.8486209871679159,0.6601003741743972,0.7664200024150195,0.8908846582357114
380,0.6521150795252016,0.6191820156970169,1.0028829391166538,0.8430268883232327,1.1296925552695039,0.743675517451224,0.7460172927905072,0.6366114235100971
381,0.9220136988985507,0.8967632235132493,0.85633289678672,0.7036667177940539,0.9164707822115677,0.5880342473924857,1.118164254742235,0.8810170644459918
382,0.4099710073203285,1.141658433456485,0.6335396590224192,1.0945462809344277,1.0419304706002819,0.9388336446745067,0.49230375702844553,0.8705969461041452
383,1.1636165526380844,0.8882776308677689,0.7461523983606023,0.18817636541231975,0.6188210897540057,0.8975131010805808,0.6490144785206396,0.5747972969315532
384,0.7818231057219461,0.8106178700954164,0.9051295041171984,0.5343777517858466,0.83655208753271,0.6117917341090443,0.61372415787381,0.8215055142778197
385,0.41730042565620845,0.5323007491983449,0.8713755260359913,0.7377054007476868,0.9833871016410624,0.5629986490183213,0.5670852871655171,0.3815667663526892
386,0.8403454834980388,0.744452538903704,0.8488414040178601,0.4609970873909623,0.7714016965920902,0.6693081164939279,0.5445721256079215,0.8859582681436217
387,1.2599529183741147,0.5353021072893671,1.012266537166778,0.4418201769135121,0.46451018995894006,0.4989619259374151,0.6777905636100482,1.5335512339527488
388,1.0576454476298534,0.7571855481961853,0.8233004499444952,1.0696557305575254,1.1345146098973156,0.3412049608463799,1.336857433243262,1.2918727388659872
389,0.7861668822533024,1.0120356535491026,0.5703240911750963,0.9452898977096019,0.9997954758389821,0.9161186498253121,1.0075941396048842,0.3269300354509079
390,0.6580251846027098,0.42709516579306356,1.0658529189984434,0.03956749328241775,0.5948696859227364,1.355232784719226,1.3406426882662212,0.7914866717040163
391,0.4464871443836922,0.8628419806286144,0.9008381169033383,0.49091365670229786,0.5825702238047108,1.2198451564914463,0.41512366566966813,0.9389448755914438
392,1.507034695198511,0.5865561559038707,1.3457627811114008,0.30289933451661005,1.4599361327675315,0.3308308457443841,0.6458486537044943,0.24751571390321558
393,0.9100290957025283,0.4274172313676432,1.0267006299480455,0.7700522296912593,0.9861272320462892,0.3265908823228234,0.27492986649794826,0.48059506394898455
394,0.8102111140495125,0.6352519407549597,0.7070358598245375,0.910023943274258,0.7356882973423555,0.9151478683114651,0.9263942734464633,-0.033019783391629705
395,0.631284737083748,1.104662723539773,1.1478924137149946,0.7562549768382212,0.589730003300361,0.7812889134636712,0.4281057862260837,0.18964196014098036
396,1.1131619026050645,0.9418023452813392,0.8461680648157338,0.5095245696487113,0.8353410228949188,0.6337896194655214,0.5697312108217425,0.965287008197144
397,0.8000703172048631,1.1396737520413112,0.6242975911003615,1.0575313862719364,1.264739634484507,1.0217721969959952,0.45036999332185995,0.5572258809193866
398,0.7036863557913275,0.9601662974719339,0.6232428304906926,0.7032134547347457,0.44266069348829795,0.763423217140958,1.5308802653223132,0.713250796611646
399,0.24208762836934197,0.7620954789384635,1.1696096792935544,1.2731853403800795,0.9257088800530097,0.5358122468990518,1.2277532639056818,1.0853794419923302
400,0.4272233074446247,1.2250782187848563,0.6811622749889218,1.0125292921258442,0.5496400181020867,0.5841693990767073,0.9199481291072812,0.5852567964447705
401,0.8180567383580386,0.9958235330570144,0.7119721194959143,1.2007602566780538,1.3604038626140804,0.5389419276921898,0.4454191628082076,0.9230340170212449
402,1.1323786344308255,0.9132545273110604,0.5035820225258083,0.686304418892633,0.9053482849696487,0.29716411103974216,0.9439771151259959,0.9600361408835344
403,0.4372217397490344,0.9861805763285614,0.9821203088150715,1.0544885623184204,0.6944563638025532,0.29368425453462976,0.8869262748593043,0.7452165624299161
404,0.8919110018049609,0.9864045179526381,0.9438833036878196,0.9288787180956138,0.8968318264032565,0.9356615477409661,0.3463835886808014,0.6224787717374423
405,0.9699821258460415,0.5992994411245772,0.18798554016777827,0.8863953617738753,0.7705131573980073,0.5308510320184894,0.9762647262661908,1.2165600075580403
406,0.4796217087093507,1.2321864833586422,0.5583665643185595,1.2619080491709584,1.28573909429818,0.3265225276885878,0.8255366207621181,0.6184020363911242
407,0.6162703285323411,0.8892318144820638,0.9350466780448699,0.8731545461164264,0.9063330051820562,0.8851923337518761,1.2302599029055261,0.8433629320261846
408,0.9591549342085117,1.1265831755634743,0.7092792880096155,0.7548164525662295,0.6382434811682952,0.7819041657046113,0.9654193041255463,0.6994381216897958
409,1.003034352205387,0.7752979104217865,1.2763821127724513,0.4783381538296233,0.8164852058384799,0.6688220540618879,0.7970825135126371,0.8372507286995586
410,0.8265954365429496,0.8772179418286692,0.57719766602635,1.0401258934623914,1.136135618711313,0.6630919472739744,0.2233858286438284,0.6127922484313585
411,0.5540384724465915,1.2294872001183343,0.696097082950867,0.607320779644451,1.1108402493661365,0.5156989509895407,0.7082105485940788,1.0486675728652757
412,0.8969880335372672,0.6768541294880536,0.8157025625278742,1.1735218593740808,0.6675619282548303,1.455860674699529,1.050801498711307,0.5612746239672997
413,0.8769892142989618,0.870516766664315,1.00348634385031,0.37097903732380694,0.938886391043303,0.6817864264632959,0.7948438226564879,0.8253735475347477
414,0.6483221729740573,0.5781530025634298,0.5851415412834977,1.064984454895485,1.2181317189676817,0.6926340641613816,0.7471642532336161,1.1074667136957446
415,0.4067372051612411,0.6805903877853053,0.17417584569643246,-0.06038443270577424,0.9096887379718632,1.4169016649057145,0.9950242424187318,0.4202114351740363
416,0.7043751970178791,0.873122236547351,0.8889454448277966,0.9652824922163512,1.115202573372689,0.5678110075762195,1.2788828620368071,0.7902213104801652
417,0.23790070409702213,0.39612608323580395,1.264620102004312,0.37738474074762407,1.0221721268650494,0.7824038988098961,1.370270497119409,0.7499696575557578
418,0.7782440124380513,0.9999864307879592,0.3631320727827729,1.1896875374169344,0.7414630672964942,0.49783678746846527,0.9943135050644953,1.0132223865378895
419,0.8456872817536047,0.6544581747989872,0.8362646426910785,1.081950984027726,0.5914223048689594,0.7820913278601408,0.9800630949265096,0.7001025170181226
420,0.9289941444329493,1.1855396102476747,0.7262718224482345,0.5274408515289843,0.5924787083758141,0.8547472489899629,0.9491560192935318,1.0015403051119192
421,0.6638054141883671,0.9440178272702029,0.16690047560676602,1.1082481000435624,0.7316397047646497,0.9969131822984341,0.731410309895489,0.6520437358032738
422,0.9759890114955082,0.42291184752213,0.6350442614292842,1.1129633071975842,0.5270229215900759,1.1339215149484376,0.3779305947199558,1.0194953478180326
423,0.7986222652349797,1.115088548679828,0.9195454497973607,0.5534527902221257,0.7193429545860986,1.0186613297879363,0.6495516034026585,0.424124148790581
424,0.668704991266587,0.8792820528930975,0.7911209665988135,0.8315970389063194,0.8734129496677941,0.5837915113503241,0.9037336738673915,0.6044293038141398
425,1.0081058697021836,0.4303954322673947,0.8017541379898631,1.4218542709522741,0.05396661642889488,0.8454639923041788,0.7297807757024809,0.8815848845334583
426,0.8119741886354446,1.0770698176790776,0.6126992620844516,0.34747432578459997,1.028835283552529,0.5999091598803341,0.6443583760068252,0.7376135414818616
427,0.7505072795451125,0.07246052459080858,0.828458218569179,0.47102936472898566,1.052268468098706,0.4163875104376838,0.5855175535958776,0.7303494936928537
428,1.014978360019935,0.4801686438681176,1.2160120098933598,1.2614776424783454,0.8442421287154288,0.9802896195647867,1.0221576923060736,0.9129999014471891
429,1.1484658136881076,0.8254900289871084,0.9008295657076675,0.6663463834910613,0.516245694666188,0.7046141743931553,0.8404511267905374,1.0284948804421246
430,0.8743514408149833,1.0073086672717133,0.7847812903137588,0.4805478778018121,0.8520051260638759,0.35989647912581973,0.31437807443585014,0.15036718614473094
431,0.21974073884179754,1.1470394763415768,0.9509596650764889,0.9449279339143444,0.9097145038925862,0.6659884089344696,0.9475916292046818,0.5481794378477182
432,0.6116852280356997,0.2825782996064155,0.605840938921602,0.9223352327335655,0.6287043668783208,1.2177090635722931,0.3145131974035896,1.156928355269687
433,0.8207001378960006,0.8384601712337115,0.9173278782580622,0.3927040592732505,0.6109602382029591,1.2642159181392059,0.6344298803758962,0.9342542855937466
434,1.3275115528614392,0.3537457554367446,0.9812934442376174,0.9694414710449389,1.0346031988153939,0.6869306925430705,0.8636779770421408,0.8916270946487973
435,0.6805506248695156,0.666548909684608,1.1711392258602389,0.5191393022933622,0.9978764145328106,0.6712057681898793,0.6474694388220746,0.9171470578942905
436,1.2465043080324614,0.8052336586491485,0.7932316966665526,0.5130689749417725,0.2765621239256838,1.2452405151130497,0.6278067236108976,1.0862474806033091
437,0.9920199066451987,0.8689199789354765,0.77629320819838,1.021527173199296,0.5702658997438226,0.5189742035592669,0.8411638888144055,0.7928205578334033
438,1.0691339316592285,0.8592191585155514,0.6268314314156025,0.31261305214384427,1.2359410624612537,0.9519847539007836,0.8763910328263642,0.47048069457242053
439,0.5032155771291066,0.6757054603559711,0.5686555215579365,1.1004054938731598,1.2313828459285432,1.2571944756179154,0.4057544056332477,0.8068598602538808
440,0.808333452079129,1.2611227958305484,0.9421618693723637,0.8844808250721116,0.6642773431451884,1.0965164879903202,0.8179696258155121,0.9075109033828845
441,0.6027416414141313,-0.07635171956927446,0.11688607664594865,0.01868588340064851,0.5389838804021633,0.5183067393902635,0.16222082638821517,0.36125916696378596
442,1.0252820848498567,0.3954684603378468,0.5971355092251737,1.3444789506149337,0.5834472295858479,1.3902655370078771,0.7064618713503075,0.6003023984358319
443,0.43430852583168167,1.0618973523507762,0.7651608594889419,1.1016386681023458,1.103016941737718,0.6598188002110827,0.6883469867694135,0.9249652733761904
444,1.1484023357822915,0.7789945304431207,0.7522317697262493,0.7062620273908542,0.6565439409105824,0.48250014129625457,1.0294056496771555,0.5277647859560287
445,1.0153085480574255,0.8577241034627655,0.5104526905683988,0.9796792569045751,0.7077440820097708,0.3768045339280752,0.8294672433040329,0.4915020932666935
446,0.9626437272559769,0.8577362918476104,1.3499760073605558,0.9377112720877818,0.4563631340998793,0.9266944763560447,1.260219047140612,0.4374601135764859
447,0.9127208774884347,0.5860579552147935,0.9281222620660455,0.5166653886619605,0.7650309751600636,0.7401910021436859,0.7193438193068569,0.6034218048718968
448,0.6348464945053587,1.129412349499828,0.9884677132014696,0.3193713755180672,0.44565439591500966,0.7336013113065692,0.18597075773277774,1.1857480790464552
449,1.0413040265713864,0.9856786191700397,0.789757753070707,0.8008808607749822,0.819215336865447,0.8073658744764077,0.7796048800985463,0.9362835669921649
450,0.5652161171067279,0.48193544728583876,0.7735972702298981,1.3646895719661305,0.7346337171849753,0.9478246272559336,0.8193622346630861,1.1741555758805147
451,0.8276593370582327,1.0383170454711532,0.7982644729628894,1.2711250465388444,0.9682236835706907,1.1917334552640468,1.0919107416394451,0.8575090877332553
452,1.1603593270038597,1.2521785237561802,1.1789568031941897,0.8798262906407309,0.04020395349214516,0.8603174131354027,0.6129471730970513,1.134568795995488
453,0.5673281730886282,1.0287115067523183,0.6281076442763207,0.985063444707032,1.1597858237622967,0.5028024408128957,0.33123568851986296,0.8755223276464668
454,1.0154672841987709,0.5964885833766576,0.39370014833353356,0.7394960035731037,1.1284413197295609,0.8558720366195164,0.6284532180290074,0.7158004445521705
455,0.5937870613711117,0.7629702580556946,1.2779096234892102,1.4052807139741317,1.130529607381565,0.39522764875568667,0.7948536688267781,0.9183119870737972
456,0.6814108835935702,0.9978515634941492,1.3027499536557314,0.7927470758374526,0.9129204645565253,0.17811524998546846,0.9425618038493728,0.6182890960293429
457,0.9629848082331831,0.5865676212194647,0.7465642424316095,1.3919392784085196,1.083730784772885,1.4256393376581626,0.5648071722237992,0.5344539659834024
458,0.6481781856790088,1.3683283450642612,1.031248350496285,1.2141119166386962,0.7110764016503315,0.6740289793203695,0.34551016988221966,0.9002833838586177
459,0.9060353392126014,1.1098871310715726,0.4183038515143216,1.104084727677264,1.1126160747902851,1.0008680026439831,0.7081651633299838,0.6004773306907324
460,0.7999890345757125,0.4548101075581836,0.23173514729858838,0.4126725115896744,0.887440184038373,1.1034999160831906,0.5702966001426574,0.1657849504463263
461,1.0490067187015735,0.7361823380263198,0.3119207266655459,0.3776824301558593,0.7120110213964939,1.1899207312589417,0.751408228315823,0.37425167241066093
462,1.0098916808804297,0.9309506983595635,0.6408913513458071,0.599016515183237,0.7452132091427733,0.9258981922821329,0.6517576049487492,1.0290916760830053
463,0.6475920595762406,0.6861301287580446,0.5073875915364113,0.7953012268159034,1.0784791683126866,1.1943189632679716,0.997483474738176,0.8189102674319989
464,0.9254100496569106,0.8403310521124038,1.0703580582933496,0.467222748641878,1.2435739214595831,1.019025776527357,0.8308666530192412,0.5923429615136769
465,0.8407085038120967,0.7040601999408977,0.6119886407768311,0.9563639556115988,1.1387393313883862,0.5143168907825052,1.181619952624602,0.7777636722527084
466,0.5600289637712926,0.9741492719686208,1.3475826818289625,0.22660756044528657,0.2142656032233092,1.1463268065973815,0.7152172421437801,0.6328708074391144
467,0.6311440956604939,0.5320993896604774,0.8655423830663245,0.5219348520674231,1.2088529581397383,0.9124659176334189,1.1005297357623576,0.4256190501539745
468,1.102018745068651,0.7691505390231064,0.6715978746977517,0.3879144642758284,0.8756423207941636,0.7812209139654815,0.8733872630103594,0.8654543785850964
469,1.1648811898920564,1.1494738439910188,0.4313160237432106,0.9514863971821912,0.5785996498237963,0.7073378179070525,0.5054522316751537,0.7203976652270143
470,0.27603357142089896,0.8991344003902781,0.6969370441548587,0.7813994212811466,0.8333472246437111,0.9609835352807256,0.7603067161994436,0.9349012980698393
471,0.9890972314904312,0.6844213935862706,0.7382849033577011,0.5522796852834049,0.5789557671893277,1.3935387528357916,1.0648201139272562,0.7811089795683059
472,0.6229587293598668,0.901838950852407,0.4555778301647397,0.5939284539480325,1.2305919317969687,0.7411890440371756,0.4674364413719526,1.1411002212347363
473,0.6693316875393241,0.8820719013006667,0.6982780762311203,0.6040011618214819,0.9692657934592701,0.782990684585216,0.6821118677678368,0.7075350256564237
474,1.0418562192068503,0.8834119412982586,0.9155006919017527,0.7274587169819549,1.0515187283311334,1.189717979743592,0.9827801170675871,0.9516448220964979
475,0.8213659678882163,1.0368777691795927,1.07663175653689,0.8279365552683885,0.656743246400013,0.7880906406795252,0.8363116031295518,0.5935867787104399
476,0.6805305530190228,0.854844529745373,0.7729366067908728,0.68332220196217,0.9430953163151402,0.9510432319264577,0.818071887636595,0.9590910163575431
477,1.054872282760598,0.34990262524522686,0.6949373806728223,0.2802072953499564,0.8865685541885646,0.8581165416636986,0.12944080155606422,0.9313289892499437
478,0.8467516370208346,0.5541246175674612,1.17650963932397,0.5124442903446288,1.182338720559994,0.570079247209082,0.6446259736394578,0.7308209125727356
479,0.8226114285294787,0.9735577186637518,0.4823520093433984,0.30791292145841676,0.8225974571706116,0.7463809963971008,0.5587154403648182,1.2241886166267137
480,0.19785491174567715,0.896854198609957,0.6444904022779047,0.7741626754438515,0.9094426533211516,0.5158666329525632,0.8328784109576575,0.3501136870583521
481,0.8785459910926313,1.0165257504709893,0.8631202236910529,1.0185483690183539,1.1359851999308759,0.6824857830590974,-0.08347745232301362,1.0228831495127892
482,0.5919800040286053,0.9816366414235386,0.7877408226883037,0.7987404031587994,0.44978772520104454,1.0621093393788197,0.981918852672335,0.84465800915556
483,0.9663451039493317,0.4262341284807754,0.7490421813699473,1.0404762189482322,0.6051002047351655,0.9894116172318751,1.0073629477012922,1.069150055406514
484,0.4330425497428735,1.173807542388837,0.5348013738405465,0.9933826928327563,1.1095583668868292,0.8813839320999205,1.1104155572045837,0.5866393752918103
485,0.7432857616482825,1.1565929507359047,1.3917363356029746,0.6603232954700766,1.333844808393746,0.9404380209622103,0.5300224581211935,0.6197554571393116
486,1.194608935875481,0.5058442941101543,0.5815684110771326,0.8262423737071996,0.6583920489686645,0.5316364200327566,0.7406627806688664,0.09576445034901117
487,1.0931339632173804,1.0229980021033283,0.3215817667511072,1.0414386113956071,0.2618784377561101,0.8468945591792678,1.0252692375210906,0.7689757540271089
488,0.07793942797256054,1.1673547490969185,0.6037188626914518,0.3571091566762212,0.9794745379175964,0.4982795030302091,0.6412648380407872,1.286640343770382
489,0.3465099876083863,0.9423847755338819,0.8253237016101115,0.4328877888273093,0.7315891707851834,0.7332532482854801,0.691965121874223,0.7664132964257544
490,0.9568745412467647,0.41707118549422756,0.9546589043448259,0.886798678156558,1.081561395532043,1.03887208688908,0.632705582824029,1.3420508277983463
491,0.8578247344000097,0.6661133142307156,0.812671650891498,1.3673916663666013,1.025444897880737,1.1288144741951547,1.188875345086731,0.48968696030174097
492,0.18886256169814206,1.3811398387719325,0.9154095810255021,0.901028433778529,0.7857168499545064,0.9685510871685341,0.8429869589257039,0.17433541725594748
493,0.787118246806696,0.8117468827490776,1.012974364306226,1.2514482934547932,0.899682474946027,0.5630303689824415,0.39297051272978356,1.0845141557807705
494,0.5149629993310796,0.9494176540592499,1.1805927081097705,1.0749602591821898,0.56065207423567,1.0939050777476564,0.8539994644908572,0.8993058235269066
495,0.8899277117637426,0.2302761990790079,0.7854552737095672,0.9540228670755556,0.8162356750075555,0.8659069155515815,0.6297044899143359,0.6939985901578956
496,0.3079042516984504,0.2362683091882268,0.5102527350667315,0.7893331696936167,0.6428213160494505,1.1398988484134993,1.4293312924473118,0.7243192540743403
497,1.0711691444405305,1.1592102545009706,0.9103658361992953,0.937433346633406,0.5245183071864227,1.1412322421914378,0.8196219489219119,0.6020679186336358
498,0.773945447285527,1.38541136102621,1.124553095031357,0.6426352002410609,0.5621826188079909,0.7281621593386192,0.5789604189151273,0.7230855584460111
499,0.8336183880189323,-0.042867717435178095,1.2197509558079576,0.6202446180705029,0.9708079412864613,0.24261600966081745,1.1773513176064836,0.6061242415094678
500,0.959706557272243,0.6841869395592889,0.6010614913223327,0.7325766096870869,0.7980867685549115,1.0400189356726663,0.510606394636259,0.5017384414826875
501,1.0195355966260238,0.10668441999635189,0.7757246720213777,1.0801182114836962,1.231206973102977,0.882911477953293,0.5094560297734376,0.5819509400532115
502,1.3993510371617741,0.551006886016905,0.4060397937809214,0.8309688833530494,0.38676556472551105,0.7365289916379529,0.3851766371858874,1.043333259494483
503,1.2204269427391472,0.797764925269769,0.5561188960737177,0.5385783313131024,0.5766577837522585,1.1833639167377952,0.6323226183586125,1.0589855093548153
504,0.971808130962705,0.9783157413810988,0.49257319765932517,1.2753085106091797,0.8693183361796561,0.5793907487745346,1.0051466889761826,0.8901202794078868
505,0.4442186734166713,0.721054805632144,0.47410276500260706,0.41345982266278547,0.5400270400335202,0.8660956424950663,1.123870989941559,0.9997431800926196
506,0.626305730954833,0.5009494224072123,0.9048107946593366,0.8111936471121023,1.0724712505269163,0.4886426631238197,0.8432270096371983,0.48882314482901834
507,0.9371033380514452,0.46961410066479276,0.2562278930168375,0.47191047260781616,0.5501735775027569,0.29704442283084265,0.5917993847693911,0.06809237793287934
508,0.8079124588721445,0.8610535794694534,0.710103503618174,0.727768955175808,0.6238918064358927,0.7235641942492368,0.5569124753546012,0.7185578522893876
509,0.7244679593678565,0.3710361603256885,0.2722891914127015,0.01774333664649348,1.0534135182485262,1.0082145514962766,0.6495638283839069,0.945024068907586
510,1.2072935176223798,0.5512599639476593,0.5423275694502729,0.7642981339925656,1.1335155612451782,0.6473183221694531,0.8717254634178593,1.1110642519879481
511,0.710462933983662,0.5504457635600694,0.8810666293896658,0.6398926624498612,1.0763700094618212,0.8867831069840849,1.4778126082806513,0.47990616926048046
512,0.7015001934904134,0.8534561829531605,0.9619435673371073,0.398917769650686,0.8952181100413673,0.5679752642975349,0.8437847730405947,1.1385064237654055
513,0.5927594444893753,0.838918846659594,0.9027097478153608,0.8124231065689833,0.9123537719773062,0.534098194627759,0.6674436340482384,0.8862434381261755
514,0.9515973681440318,0.6760808202544081,0.7125179662432131,0.8171257903691663,1.0651996620497748,1.1348670977784034,1.0391180324925235,1.1944817494624125
515,0.5002302494914567,1.2124547768344174,0.8857586916499328,0.8022826079949077,0.9578746163697549,1.0981690817059777,0.21291741941760842,0.5848843890518635
516,1.8725111365049836,-0.40866272222503625,0.5956145274065557,0.7393633976388603,0.15469886927232573,-0.24009282063143694,0.889968240225625,0.5681372803322531
517,0.8337313474103237,0.8623005034670961,0.7620995537823932,0.6203766998736734,1.0150931560113543,0.9862039507186134,0.816901214217087,0.4631251333705054
518,0.7418827421896573,0.6149250533544398,0.4500900262559981,0.877675659229052,1.0114977112077916,1.3349878257147318,1.0199147347424313,1.2297078010587141
519,0.5783272816792796,0.9517205288105971,1.2186407664444174,0.8257055045842402,0.9635075169563442,0.800718762988968,0.612192377235607,0.8376136846194409
520,0.6010633993440185,1.0096329558923607,0.7981488803981618,0.8415514255580077,1.1856581648492768,0.7460067221198439,0.6907518407221669,0.9903574458084442
521,0.7569864192479231,0.8013627946681564,1.192652534611155,0.5427788578389222,0.42826859485519464,1.0721361611303637,0.5903331992686927,0.9472967635280574
522,0.94485839619643,1.1467387417979598,1.2984608245029436,0.8741576369702646,0.9024152572434909,0.9334945669695125,0.715967631019572,0.8388535309598488
523,0.9205096731419883,0.6773012049329442,0.7137475158806943,0.9942337718131917,0.9780704639602048,0.6832343623881537,0.33389568844460266,0.8761464177521017
524,0.5386743658937964,0.7142453223028866,0.763204013608535,0.8611004967811172,0.7811954520062906,0.9108593974936573,0.7883806220863239,0.7738006183458019
525,1.0645771633079557,0.553340360909149,1.2805375971721016,0.6630803668830355,1.2950754439164376,0.5553211946229054,0.6484706329767131,0.6102565813738429
526,1.0280034440508283,1.1834703569992775,1.1483236875270006,0.9868762067778314,0.2071468241524324,0.791424399129361,1.0748443987434269,0.8923156648265821
527,0.9091481655946407,0.3335847930207513,0.556944240186214,1.025354015517475,0.6304318889272221,0.8630433447740542,0.9806058633314046,0.560806189812531
528,1.258354876684009,0.7608311018526955,1.0305511955916524,0.46646824327361464,0.6167912573504097,0.3921404970551994,0.9127065910930698,0.7349329475103623
529,0.7833874688896579,0.604895253240619,0.9611457416840785,0.7490778916298385,0.9439976866290966,1.0158879262398945,0.8003689051647803,0.8851399838771908
530,1.026326907812147,0.7320414409081211,0.5215129192051137,0.6222051022162653,1.0689109294668766,0.5253205197662237,0.9767308458125972,0.9360882184753452
531,1.0176099664256548,0.5159336177766646,0.876879813983071,1.0639090662151782,0.9695793055206161,1.0026108773970774,1.0273485084786342,0.5006046860147697
532,0.9070904614450574,0.9849603461763771,1.0547551506653436,1.0675957476196354,0.938955949920551,0.9522531985344759,1.0256334124309532,0.2940860001485105
533,0.8073051327680315,0.6601051118169106,0.8540670403928969,1.1735892799101664,0.8834625253954125,0.7597385192056081,1.140161813801528,0.6898482023122774
534,0.2833926361558985,0.6625823438051579,0.7442752227604397,1.1770400199800102,0.7435044720161214,0.6316329399513797,0.336309868139146,0.6239799635880086
535,1.0900230144883265,0.6502313083615762,0.48151097003350274,0.7593708914446349,0.961018450430743,0.7648038562989001,0.4076511893808363,0.9307379452228781
536,1.3387972143065237,1.2394780867167645,0.4426784801897152,1.16206106115543,0.8745432236771044,0.4535588633951826,0.4291932736690107,0.7025672360627809
537,0.7376935349477383,0.6669610142833863,0.796521270501865,0.8120543052877294,0.9019685884687101,1.1766890735090916,1.2250966729828991,1.0276511762818081
538,1.073231369135064,1.0719563060318047,0.5563584600682068,0.7656924766458072,0.8343459807610017,1.0653867008187636,0.8608332540132506,0.43899128765279544
539,0.5895419664330307,1.024108379036304,0.9834215803875092,1.3077630804181088,0.735708356799518,1.273587787674555,0.857987548897901,0.3916643734411926
540,0.7731402705336076,0.9338425727170386,0.6828899500957547,0.8511988450017818,0.8450986595677089,0.8626347168725462,0.7179435123019663,0.5997753615895077
541,0.7195046962723799,1.0969923144116862,1.2164354452818271,1.019795267233952,0.8530844842969222,0.823305184956465,0.19778310688515652,0.30039817668218
542,0.3641686898234156,1.301565699666665,1.0277709164708022,0.7602337873277752,1.5416924793217341,0.7180389501556941,0.7426993716948913,1.3325012363916406
543,0.6223675230599067,0.7070152073280234,1.1029684433954143,0.8675234470165676,0.9224811983614835,1.5420214161286192,0.7470644831163682,1.232231425154038
544,0.5464614628944269,0.39016699137645383,1.1737213008538763,1.1843219936016358,0.6317290165403144,0.5904345846410312,0.7699706588963516,1.2797781262114085
545,1.2798352091842733,0.941700281441238,0.4962159738986607,0.7408838758613144,1.0711261401215195,0.9707507349247798,-0.06342781565565425,0.7608663355362268
546,0.3990877730195189,1.070909814249481,0.5090093511722167,0.9509017253326336,0.7076358166423625,1.2053481137029716,0.6871809708066831,1.2168261060738084
547,1.2149573088937622,0.6507535535253474,1.1425885920031669,1.3304102035084033,0.737273014574932,0.891752852821937,0.5934968569936834,0.6591543710975851
548,0.22538386003636707,1.0549700961636872,0.6909102032520089,0.325501708279041,1.148061662212416,0.5507765250679805,0.7612597503100327,0.9716241266331385
549,0.5294510817263698,0.6845011582576751,0.46403009036958104,0.8972992198033133,1.1675524613369699,1.0094305440960245,0.9647293759170507,1.2766554140330066
550,0.25534726555839987,1.074205531763629,0.5512067467489539,1.2055115898524327,1.1397436044327873,0.4663322725623363,0.6701043524253808,0.7962111874481845
551,0.36813443642513705,0.9834431465701334,1.1442657608704236,0.2605291412863153,0.9293457479047285,0.43288142458155454,0.7459192280658,0.9180383829250132
552,0.5150608108688689,0.9863399501261857,0.7140134420005957,1.4109613161179562,0.5255003294066741,0.5962481858501165,1.359779655591139,1.018472759768147
553,0.9520703071147212,0.7901258320832408,1.2557824525857526,1.1112746642467035,0.716726988873175,0.5853162847162887,0.5822541200701499,0.8658151702008898
554,0.8795274682937494,1.300673578943881,0.25724234962954745,0.9167725243838438,0.8053723212762813,0.7980934734717916,0.8987468710595359,0.8280358789548267
555,0.9039053973976021,0.8039627372073158,1.2350755538879337,0.7341873926061162,1.3068041461160202,0.33544345080005744,0.5915196078636815,1.2068157393341299
556,0.90596242839581,1.2253948746158272,0.36227156701575897,1.2258114103414013,0.48930241162281646,0.5381700974511763,0.6492287263234969,0.8513895338231728
557,1.2423111483982192,0.7860275570100235,0.8744402492924566,1.2820158473712238,0.3415027711100915,0.6870216877177918,1.3143825035701937,0.5905366716978233
558,0.7511824509673243,0.7625742916638573,0.9904273448980684,0.8089533485151199,0.9201419486672245,0.5224049532168545,0.7837111161088909,0.7784059766328566
559,0.711616408191218,0.7032485998041921,0.6584514992698675,1.0336106402845013,0.8234099039865432,0.8260287161377966,0.6618684144653777,0.7081488264171275
560,0.897198977097838,0.5496061691266454,0.8547458526239855,0.6526371259361212,0.9760793788162703,0.6540911802409,0.506575796375437,0.8518293836548556
561,0.5224715565421828,0.9901232021730283,0.48775555110023283,1.3668523171164386,0.7127793136481946,0.9350100628228789,1.0956506436518225,0.8919999830744034
562,0.8332107662835446,0.7247180574964043,0.8180051385012718,0.7192448813574586,0.7477900956400635,0.8507136314748605,0.5440439655755233,0.9041352079913089
563,0.5890889112004195,1.2211611415333703,0.6263954332631491,1.1918381519294312,0.377337597486792,0.8961079926665314,0.8480804235866343,0.6876552722479418
564,0.8772301464499584,0.6570037303316446,1.2347480860263544,0.38238004622197164,0.7512115129159185,0.34645281947730333,1.1793437620092748,1.0502917698127208
565,0.32134293846976597,0.8160355090972587,0.6609033225032146,1.1998299472078382,0.9067013336580362,0.9823799869455865,1.0280683043133407,0.3785622411867669
566,0.7844246396992051,0.10541892406915807,0.8560854437884122,0.7567087268210321,0.10377958064410892,0.7367865950587092,0.7672740234213643,0.13251751576496112
567,1.22912191571731,0.5900148642321394,0.7990166178641683,0.6891477730835537,0.5913900145826582,0.9286097440532979,1.059822528452962,0.9389107236148536
568,1.4906009993702922,0.7126314685806815,0.5155760704376225,0.8306170560898546,0.7967369833199945,0.6512556446350886,1.2322919898899733,0.7187338092551343
569,0.6260721977902112,1.0004068250317748,0.6350526903968907,1.0011706888133605,0.4841996413411643,0.6416591496809441,0.7364874079096475,0.7430240703879647
570,0.822577585066815,0.13352631216219474,0.45187140661340475,0.6095221475928587,0.8178893053486549,1.1229421382219462,1.0402835966471193,0.5105407726045883
571,0.7306551475818451,0.7943008962945541,0.7650055411670414,0.7133875048314375,0.7228886801884773,0.9147328954421379,1.0149574407823783,1.245616783095677
572,1.082099681711864,0.6987722894216047,0.9324021657204016,0.8657336978299836,1.0780698068377172,0.756408135494494,0.7981901215677948,1.0304136435428928
573,1.109416721040031,1.2425529243144702,0.35618958758443436,1.1893099523181776,0.7316920161496737,1.08894756028319,0.23858835640306764,0.7816290349627832
574,1.244619019150668,0.6026928698694954,0.7923706275131832,0.7541035068779166,1.1299252072300694,0.6126824345495404,0.5049030346677709,0.7169047790164186
575,0.7160708763955654,1.0326420625059018,0.44056361394906485,0.773426302002554,0.9253116910846064,0.20845845028152743,0.7983638132343969,0.6882453787385098
576,0.880720449585519,0.46266360726927713,1.00197542952788,0.7338437678981281,0.9451795784981958,0.9390509375655323,0.6383965971301818,0.4736250302209852
577,1.4076321902078506,0.5584307030796304,0.8957023715537759,1.2413468766252564,1.1844170540468255,1.1079063272891128,0.47396533224735227,0.8833485011539107
578,0.8449960509206086,0.5950846535724806,0.6909010125126758,1.1003557043954764,1.1998510153098418,0.8882831247696443,0.6713400516956847,1.1455413269074726
579,0.6793167776011397,0.6137734680620399,0.5973277163526358,0.5634979646424554,1.0238156915892782,0.40759090403301323,0.669752988063442,1.5227726734663374
580,1.1644313957176726,0.9284027959334165,0.2699444439854431,0.6663002267872857,0.7530676649593662,0.8664701305446363,0.9314494802640617,1.217397586903364
581,0.9474787495414596,0.919429443260148,0.6008386289894435,0.9151965707728199,0.806228507016672,0.6611720885505211,0.7927341937994746,0.8966513618048192
582,0.6276349062908166,0.606015683045981,0.3057875523508378,0.712855600133388,0.8131517903566983,1.039823760133383,0.896350516428121,0.8212984268975001
583,0.6689326974387249,1.1427198472744438,1.0212725434912373,1.0276201360228294,1.160191149765067,0.7671842110678689,0.9517974578771091,1.048032225814558
584,0.8429679070666324,0.7092434560149316,0.8571531525488595,0.9095862210976451,0.8228892333455596,0.9888701540594811,1.2762369354492755,0.5787121867093923
585,0.9048127305887385,1.0702158886752446,1.0194451946197396,1.1385606087602322,1.208867365133882,0.8267415852281454,0.4931870594411572,0.8172494467378377
586,0.9378407315341448,1.0439141072441875,0.6299030933122772,0.7315098387353893,0.7507053940959987,0.7955889214301843,0.8681695350633588,1.2196966110993097
587,0.4719303456538228,0.46312249142887274,0.5268290934128387,0.9672322361177044,0.6604533581922881,1.2007692431510204,1.0505312795318393,0.4439770366413741
588,1.2745121353001323,0.7571606305022808,0.45904438745787823,0.9242010561109933,1.1420438005319768,0.8500131794355403,0.5932512670340713,0.9740927165794597
589,0.7150650231526015,0.7346126733098995,0.9290987565155803,0.6552742522671775,0.9678633118369367,0.6971813636317695,0.5469921219348127,0.6981100683641398
590,0.9199250472783896,0.7248803096315883,0.796253934175886,1.0619132896750936,0.6711120566121836,0.7963617646942415,0.3077898261799727,0.6840735298378481
591,1.200760868294763,1.2224771692546206,0.5124066838424058,0.9204020430579599,0.9800838916984843,0.5636167261837919,0.9323404134126355,0.4593534464309656
592,0.3681073000312097,0.06645954802795229,0.579758241559676,0.8595216475163554,0.8190525327697313,0.9847282121823183,0.957606697875565,0.8591976032806694
593,0.9869730940870766,0.5522955216181148,0.6929411048136019,1.7055235330056273,0.8692811622269623,0.656665498811885,0.995780404162725,1.2807939488610023
594,0.7916384112791235,1.0360144826978392,0.6966674601057824,1.1360838291349544,1.022842950559306,0.642868414342964,1.1808753334885151,0.7028834826120367
595,0.841306361765765,0.876424501007283,0.7181461667462924,0.629908751894279,0.7612816839403456,0.7756839305828589,0.7326326998778243,0.7399095211214134
596,0.6504429789182581,1.0225959402980036,0.772148036312874,0.05224683438944804,0.9656867415649479,1.2560210827161993,1.2892413245018675,1.0408434909859883
597,0.6280113371641619,1.063290900468488,0.5787788833622194,0.0662106412231791,0.9425266901219876,0.40511594654403843,0.7174941694864273,0.9186744138109479
598,0.6130862377228257,0.554691677103468,0.6169884891293177,0.5756283165869318,0.67200725231526,0.5626239837023145,0.5599430624140506,0.8716340133665071
599,1.0274298939114488,0.5993954694192682,0.5547197968347439,0.7033605626974387,0.34732305388453816,0.19970285270583482,1.115352797937602,0.8762633605705292
600,0.8035301942753762,0.564527899208289,0.9304825554740794,0.8530876496617052,0.880801492041078,0.7453234993050434,1.070474125990486,1.2211333179296007
601,1.1413088577542474,0.7426802851673352,0.43165844733256803,0.3898670240928976,1.1044633353365432,0.6863369535833468,0.5978669482865299,0.9734993148092124
602,0.34519549606099803,1.0459930747232382,0.9288533179259355,0.23816379901561543,1.6445922209622104,0.43265166925646414,0.8139243878287904,0.6488395405833518
603,1.3306017171303695,0.7952333631211377,0.7136716611507413,0.6715422602878014,1.1351506527677349,0.7296352149994604,0.5436937854341842,0.6164916878863159
604,0.9569446281267537,0.6207857225461981,1.2128180837423355,0.58213123389401,0.5788565562153569,0.42010398045059316,0.8283473702381778,0.7667442420525183
605,0.6694837249210567,0.7742984705486308,0.9293256964535678,0.6157102760695381,0.7811081943866511,0.9143518592267819,0.7971640185895582,0.8938328124399466
606,0.307385853133799,1.053714555956815,0.6330658572801234,1.0966853261449097,1.28357997988969,0.7981242387551741,0.6885465720466436,0.8274795500923922
607,0.6686942173001517,0.9724655336163984,0.3794524933318945,0.43522181896480555,0.9249866070310985,0.6955810545433628,0.8148828003535931,1.0426994195468477
608,0.5154823271118802,0.4691033962224169,0.5401782214653968,0.9760482976732263,1.0073124649170309,0.6985229608062083,0.7861483064031776,0.7630965073433857
609,0.9569335712201177,0.7588062643830532,1.0547096416724668,0.7070233717291659,0.9959674165710591,0.8313862965337705,0.6065720628185758,0.8073465708519092
